ID,ANO,MES,MARCA,MODELO,TIPOVEHICULO,KM_MES,GrCo2_km,GrCo2
2,2022,1,01476 - PEUGEOT,BOXER,30 - AUTOBUS,0,235,0
11,2022,1,02339 - JEEP,RENEGADE,40 - TURISMO,452,134,61
14,2022,1,00678 - FIAT,FIAT DUCATO,20 - FURGONETA,201,166,33
16,2022,1,01709 - SEAT,TOLEDO,40 - TURISMO,1176,106,125
17,2022,1,01709 - SEAT,TOLEDO,40 - TURISMO,246,106,26
18,2022,1,01709 - SEAT,ALTEA,40 - TURISMO,0,119,0
21,2022,1,01709 - SEAT,LEON 1.9,40 - TURISMO,208,135,28
22,2022,1,01291 - MITSUBISHI,L 200,02 - CAMION CAJA,29,173,5
25,2022,1,02009 - VOLKSWAGEN,PASSAT CC,40 - TURISMO,2596,137,356
28,2022,1,00388 - CITROEN,C2,03 - CAMION FURGON,70,113,8
32,2022,1,01709 - SEAT,LEON,40 - TURISMO,1289,161,208
33,2022,1,00678 - FIAT,DOBLO,20 - FURGONETA,1621,133,216
35,2022,1,01885 - TOYOTA,TOYOTA YARIS HYBRID,40 - TURISMO,423,84,36
37,2022,1,01885 - TOYOTA,TOYOTA YARIS HYBRID,40 - TURISMO,306,84,26
39,2022,1,05466 - UNVI,TGEVEGA,30 - AUTOBUS,2940,,
43,2022,1,01382 - NISSAN,NISSAN E-NV200,20 - FURGONETA,528,0,0
45,2022,1,00678 - FIAT,SEICENTO,21 - FURGONETA MIXTA,77,143,11
46,2022,1,01291 - MITSUBISHI,L 200,02 - CAMION CAJA,325,173,56
50,2022,1,01382 - NISSAN,KUBISTAR,20 - FURGONETA,318,147,47
55,2022,1,01253 - MERCEDES-BENZ,VITO 108 D,0G - VEHICULO MIXTO ADAPTABLE,0,195,0
57,2022,2,01476 - PEUGEOT,BOXER,30 - AUTOBUS,0,235,0
58,2022,2,13461 - FORD-CNG-TECHNIK,MONDEO HÍBRIDO,40 - TURISMO,2182,101,220
59,2022,2,13461 - FORD-CNG-TECHNIK,MONDEO HÍBRIDO,40 - TURISMO,4240,101,428
63,2022,2,01551 - RENAULT,KANGOO,0G - VEHICULO MIXTO ADAPTABLE,1077,140,151
71,2022,2,01709 - SEAT,TOLEDO,40 - TURISMO,2443,106,259
75,2022,2,01476 - PEUGEOT,BOXER 2.0,20 - FURGONETA,65,180,12
76,2022,2,01709 - SEAT,LEON 1.9,40 - TURISMO,520,135,70
81,2022,2,01709 - SEAT,LEON,40 - TURISMO,1050,96,101
82,2022,2,00678 - FIAT,IDEA,40 - TURISMO,920,130,120
83,2022,2,00388 - CITROEN,C2,03 - CAMION FURGON,209,113,24
84,2022,2,01551 - RENAULT,KANGOO EXPRESS Z.E.,20 - FURGONETA,812,0,0
86,2022,2,01382 - NISSAN,NISSAN LEAF 40KWH,40 - TURISMO,922,0,0
88,2022,2,00678 - FIAT,DOBLO,20 - FURGONETA,1931,133,257
93,2022,2,01709 - SEAT,IBIZA,40 - TURISMO,549,109,60
101,2022,2,01291 - MITSUBISHI,L 200,02 - CAMION CAJA,1409,173,244
102,2022,2,01291 - MITSUBISHI,GALLOPER SUPER EXCEED,0G - VEHICULO MIXTO ADAPTABLE,671,173,116
103,2022,2,01382 - NISSAN,KUBISTAR,03 - CAMION FURGON,668,147,98
104,2022,2,01709 - SEAT,LEON ECOMOTIVE,40 - TURISMO,125,99,12
109,2022,2,03670 - IVECO,CC80E18M P,00 - CAMION,1646,220,362
111,2022,3,01476 - PEUGEOT,BOXER,30 - AUTOBUS,5,235,1
120,2022,3,02339 - JEEP,RENEGADE,40 - TURISMO,977,134,131
122,2022,3,02339 - JEEP,RENEGADE,40 - TURISMO,2655,134,356
124,2022,3,01709 - SEAT,ALHAMBR.1.9TDI 6V,40 - TURISMO,260,170,44
125,2022,3,01709 - SEAT,TOLEDO,40 - TURISMO,3159,106,335
127,2022,3,01709 - SEAT,ALTEA,40 - TURISMO,0,119,0
130,2022,3,01709 - SEAT,LEON 1.9,40 - TURISMO,332,135,45
132,2022,3,01709 - SEAT,ALHAMBRA,40 - TURISMO,3104,150,466
133,2022,3,01709 - SEAT,LEON,40 - TURISMO,913,96,88
137,2022,3,00388 - CITROEN,C2,03 - CAMION FURGON,382,113,43
139,2022,3,00388 - CITROEN,C2,03 - CAMION FURGON,484,113,55
151,2022,3,01885 - TOYOTA,AURIS HSD ACTIV,40 - TURISMO,563,89,50
154,2022,3,00678 - FIAT,SEICENTO,21 - FURGONETA MIXTA,237,143,34
158,2022,3,01709 - SEAT,LEON ECOMOTIVE,40 - TURISMO,95,99,9
161,2022,3,01709 - SEAT,ALTEA,40 - TURISMO,840,142,119
167,2022,4,13461 - FORD-CNG-TECHNIK,MONDEO HÍBRIDO,40 - TURISMO,5074,101,512
168,2022,4,13461 - FORD-CNG-TECHNIK,MONDEO HÍBRIDO,40 - TURISMO,3443,101,348
170,2022,4,01382 - NISSAN,KUBISTAR,03 - CAMION FURGON,292,147,43
175,2022,4,02339 - JEEP,RENEGADE,40 - TURISMO,1001,134,134
179,2022,4,01709 - SEAT,ALHAMBR.1.9TDI 6V,40 - TURISMO,153,170,26
182,2022,4,01709 - SEAT,ALTEA,40 - TURISMO,0,119,0
183,2022,4,01709 - SEAT,LEON 1.9,40 - TURISMO,1032,135,139
186,2022,4,01291 - MITSUBISHI,L 200,02 - CAMION CAJA,151,173,26
189,2022,4,02009 - VOLKSWAGEN,PASSAT CC,40 - TURISMO,2001,137,274
191,2022,4,00678 - FIAT,IDEA,40 - TURISMO,2129,130,277
196,2022,4,01709 - SEAT,LEON,40 - TURISMO,2000,161,322
198,2022,4,01709 - SEAT,IBIZA,40 - TURISMO,139,109,15
199,2022,4,01885 - TOYOTA,TOYOTA YARIS HYBRID,40 - TURISMO,629,84,53
203,2022,4,05466 - UNVI,TGEVEGA,30 - AUTOBUS,2435,120,292
207,2022,4,01382 - NISSAN,NISSAN E-NV200,20 - FURGONETA,327,0,0
209,2022,4,00678 - FIAT,SEICENTO,21 - FURGONETA MIXTA,239,143,34
213,2022,4,01709 - SEAT,LEON ECOMOTIVE,40 - TURISMO,119,99,12
216,2022,4,01709 - SEAT,ALTEA,40 - TURISMO,356,142,51
217,2022,4,01551 - RENAULT,R. MASTER,20 - FURGONETA,99,230,23
220,2022,5,00678 - FIAT,IDEA,40 - TURISMO,195,124,24
223,2022,5,13461 - FORD-CNG-TECHNIK,MONDEO HÍBRIDO,40 - TURISMO,5595,101,565
229,2022,5,01709 - SEAT,IBIZA,40 - TURISMO,1030,109,112
231,2022,5,02339 - JEEP,RENEGADE,40 - TURISMO,3145,134,421
232,2022,5,02339 - JEEP,RENEGADE,40 - TURISMO,2617,134,351
235,2022,5,01709 - SEAT,TOLEDO,40 - TURISMO,2011,106,213
237,2022,5,01709 - SEAT,ALTEA,40 - TURISMO,0,119,0
241,2022,5,01291 - MITSUBISHI,L 200,02 - CAMION CAJA,886,173,153
242,2022,5,01709 - SEAT,ALHAMBRA,40 - TURISMO,1897,150,285
247,2022,5,00388 - CITROEN,C2,03 - CAMION FURGON,619,113,70
251,2022,5,01709 - SEAT,LEON,40 - TURISMO,1577,161,254
256,2022,5,01885 - TOYOTA,TOYOTA YARIS HYBRID,40 - TURISMO,880,84,74
258,2022,5,05466 - UNVI,TGEVEGA,30 - AUTOBUS,3774,214,808
260,2022,5,01885 - TOYOTA,AURIS HSD ACTIV,40 - TURISMO,1060,89,94
266,2022,5,01291 - MITSUBISHI,GALLOPER SUPER EXCEED,0G - VEHICULO MIXTO ADAPTABLE,517,173,89
267,2022,5,01382 - NISSAN,KUBISTAR,03 - CAMION FURGON,734,147,108
271,2022,5,01709 - SEAT,ALTEA,40 - TURISMO,842,142,120
275,2022,6,00678 - FIAT,IDEA,40 - TURISMO,127,124,16
287,2022,6,02339 - JEEP,RENEGADE,40 - TURISMO,2350,134,315
288,2022,6,00678 - FIAT,FIAT DUCATO,20 - FURGONETA,878,166,146
289,2022,6,01709 - SEAT,ALHAMBR.1.9TDI 6V,40 - TURISMO,707,170,120
290,2022,6,01709 - SEAT,TOLEDO,40 - TURISMO,3376,106,358
292,2022,6,01709 - SEAT,ALTEA,40 - TURISMO,272,119,32
295,2022,6,01709 - SEAT,LEON 1.9,40 - TURISMO,372,135,50
297,2022,6,01709 - SEAT,ALHAMBRA,40 - TURISMO,5063,150,759
299,2022,6,02009 - VOLKSWAGEN,PASSAT CC,40 - TURISMO,4449,137,610
303,2022,6,01551 - RENAULT,KANGOO EXPRESS Z.E.,20 - FURGONETA,454,0,0
306,2022,6,01709 - SEAT,LEON,40 - TURISMO,1400,161,225
308,2022,6,01709 - SEAT,IBIZA,40 - TURISMO,107,109,12
310,2022,6,01709 - SEAT,TOLEDO,40 - TURISMO,1206,106,128
315,2022,6,01885 - TOYOTA,AURIS HSD ACTIV,40 - TURISMO,227,89,20
316,2022,6,01885 - TOYOTA,AURIS HSD ACTIV,40 - TURISMO,1074,89,96
318,2022,6,01382 - NISSAN,NISSAN E-NV200,20 - FURGONETA,323,0,0
319,2022,6,00678 - FIAT,SEICENTO,21 - FURGONETA MIXTA,212,143,30
321,2022,6,01291 - MITSUBISHI,GALLOPER SUPER EXCEED,0G - VEHICULO MIXTO ADAPTABLE,481,173,83
322,2022,6,01382 - NISSAN,KUBISTAR,03 - CAMION FURGON,1037,147,152
327,2022,6,01551 - RENAULT,R. MASTER,20 - FURGONETA,393,230,90
328,2022,6,03670 - IVECO,CC80E18M P,00 - CAMION,2339,220,515
338,2022,7,01551 - RENAULT,KANGOO,0G - VEHICULO MIXTO ADAPTABLE,660,140,92
341,2022,7,02339 - JEEP,RENEGADE,40 - TURISMO,802,134,107
342,2022,7,02339 - JEEP,RENEGADE,40 - TURISMO,2952,134,396
344,2022,7,00678 - FIAT,FIAT DUCATO,20 - FURGONETA,2581,166,428
351,2022,7,01709 - SEAT,LEON 1.9,40 - TURISMO,278,135,38
355,2022,7,01885 - TOYOTA,LAND CRUISER (150 SERIE),25 - TODO TERRENO,1056,246,260
359,2022,7,00388 - CITROEN,C2,03 - CAMION FURGON,182,113,21
366,2022,7,01885 - TOYOTA,TOYOTA YARIS HYBRID,40 - TURISMO,716,84,60
368,2022,7,01885 - TOYOTA,TOYOTA YARIS HYBRID,40 - TURISMO,567,84,48
370,2022,7,05466 - UNVI,TGEVEGA,30 - AUTOBUS,171,214,37
373,2022,7,01885 - TOYOTA,AURIS HSD ACTIV,40 - TURISMO,604,89,54
375,2022,7,01382 - NISSAN,NISSAN E-NV200,20 - FURGONETA,425,0,0
376,2022,7,00678 - FIAT,SEICENTO,21 - FURGONETA MIXTA,69,143,10
380,2022,7,01709 - SEAT,LEON ECOMOTIVE,40 - TURISMO,907,99,90
381,2022,7,01382 - NISSAN,KUBISTAR,20 - FURGONETA,440,147,65
383,2022,7,01709 - SEAT,ALTEA,40 - TURISMO,426,142,60
391,2022,8,13461 - FORD-CNG-TECHNIK,MONDEO HÍBRIDO,40 - TURISMO,1795,101,181
396,2022,8,01709 - SEAT,TOLEDO,40 - TURISMO,1776,114,202
398,2022,8,02339 - JEEP,RENEGADE,40 - TURISMO,791,134,106
403,2022,8,01709 - SEAT,TOLEDO,40 - TURISMO,928,106,98
405,2022,8,01709 - SEAT,ALTEA,40 - TURISMO,44,119,5
408,2022,8,01709 - SEAT,LEON 1.9,40 - TURISMO,186,135,25
412,2022,8,01885 - TOYOTA,LAND CRUISER (150 SERIE),25 - TODO TERRENO,206,246,51
414,2022,8,01885 - TOYOTA,LAND CRUISER (150 SERIE),25 - TODO TERRENO,92,246,23
417,2022,8,01551 - RENAULT,KANGOO EXPRESS Z.E.,20 - FURGONETA,618,0,0
426,2022,8,01709 - SEAT,IBIZA,40 - TURISMO,572,109,62
427,2022,8,05466 - UNVI,TGEVEGA,30 - AUTOBUS,600,214,128
431,2022,8,01382 - NISSAN,NISSAN E-NV200,20 - FURGONETA,211,0,0
437,2022,8,01709 - SEAT,LEON ECOMOTIVE,40 - TURISMO,163,99,16
440,2022,8,01709 - SEAT,ALTEA,40 - TURISMO,137,142,19
443,2022,8,01253 - MERCEDES-BENZ,VITO 108 D,0G - VEHICULO MIXTO ADAPTABLE,0,195,0
444,2022,9,01181 - MAN,TGL,03 - CAMION FURGON,39,354,14
447,2022,9,13461 - FORD-CNG-TECHNIK,MONDEO HÍBRIDO,40 - TURISMO,5099,101,515
449,2022,9,01252 - MERCEDES,VIANO 2.0,40 - TURISMO,88,218,19
452,2022,9,01551 - RENAULT,KANGOO,0G - VEHICULO MIXTO ADAPTABLE,1543,140,216
458,2022,9,00678 - FIAT,FIAT DUCATO,20 - FURGONETA,1945,166,323
459,2022,9,01709 - SEAT,ALHAMBR.1.9TDI 6V,40 - TURISMO,188,170,32
462,2022,9,01709 - SEAT,ALTEA,40 - TURISMO,0,119,0
464,2022,9,01476 - PEUGEOT,BOXER 2.0,20 - FURGONETA,1010,180,182
468,2022,9,01709 - SEAT,LEON,40 - TURISMO,1029,96,99
470,2022,9,02009 - VOLKSWAGEN,PASSAT CC,40 - TURISMO,2273,137,311
471,2022,9,01885 - TOYOTA,LAND CRUISER (150 SERIE),25 - TODO TERRENO,2973,246,731
473,2022,9,00388 - CITROEN,C2,03 - CAMION FURGON,349,113,39
474,2022,9,01551 - RENAULT,KANGOO EXPRESS Z.E.,20 - FURGONETA,441,0,0
479,2022,9,01709 - SEAT,IBIZA,40 - TURISMO,73,109,8
483,2022,9,01709 - SEAT,IBIZA,40 - TURISMO,406,109,44
486,2022,9,01885 - TOYOTA,AURIS HSD ACTIV,40 - TURISMO,1018,89,91
491,2022,9,01291 - MITSUBISHI,L 200,02 - CAMION CAJA,2094,173,362
492,2022,9,01291 - MITSUBISHI,GALLOPER SUPER EXCEED,0G - VEHICULO MIXTO ADAPTABLE,195,173,34
496,2022,9,00678 - FIAT,SEICENTO,40 - TURISMO,42,143,6
500,2022,9,01253 - MERCEDES-BENZ,VITO 108 D,0G - VEHICULO MIXTO ADAPTABLE,18,195,4
502,2022,10,00678 - FIAT,IDEA,40 - TURISMO,65,124,8
506,2022,10,01252 - MERCEDES,VIANO 2.0,40 - TURISMO,169,218,37
512,2022,10,02339 - JEEP,RENEGADE,40 - TURISMO,566,134,76
514,2022,10,02339 - JEEP,RENEGADE,40 - TURISMO,2828,134,379
516,2022,10,01709 - SEAT,ALHAMBR.1.9TDI 6V,40 - TURISMO,224,170,38
519,2022,10,01709 - SEAT,ALTEA,40 - TURISMO,0,119,0
520,2022,10,01709 - SEAT,LEON 1.9,40 - TURISMO,1321,135,178
522,2022,10,01709 - SEAT,LEON 1.9,40 - TURISMO,120,135,16
523,2022,10,01291 - MITSUBISHI,L 200,02 - CAMION CAJA,1017,173,176
524,2022,10,01709 - SEAT,ALHAMBRA,40 - TURISMO,3529,150,529
527,2022,10,02009 - VOLKSWAGEN,PASSAT CC,40 - TURISMO,1976,137,271
529,2022,10,01709 - SEAT,LEON,40 - TURISMO,677,96,65
532,2022,10,00388 - CITROEN,C2,03 - CAMION FURGON,202,113,23
534,2022,10,01709 - SEAT,LEON,40 - TURISMO,1374,161,221
536,2022,10,01709 - SEAT,IBIZA,40 - TURISMO,55,109,6
541,2022,10,05466 - UNVI,TGEVEGA,30 - AUTOBUS,3141,214,672
544,2022,10,01885 - TOYOTA,AURIS HSD ACTIV,40 - TURISMO,604,89,54
548,2022,10,01291 - MITSUBISHI,L 200,02 - CAMION CAJA,878,173,152
550,2022,10,01382 - NISSAN,KUBISTAR,03 - CAMION FURGON,1138,147,167
553,2022,10,00678 - FIAT,SEICENTO,40 - TURISMO,229,143,33
554,2022,10,01709 - SEAT,ALTEA,40 - TURISMO,380,142,54
556,2022,10,03670 - IVECO,CC80E18M P,00 - CAMION,1207,220,266
557,2022,10,01253 - MERCEDES-BENZ,VITO 108 D,0G - VEHICULO MIXTO ADAPTABLE,18,195,3
560,2022,11,01476 - PEUGEOT,BOXER,30 - AUTOBUS,218,235,51
562,2022,11,13461 - FORD-CNG-TECHNIK,MONDEO HÍBRIDO,40 - TURISMO,4217,101,426
563,2022,11,01252 - MERCEDES,VIANO 2.0,40 - TURISMO,230,218,50
565,2022,11,05466 - UNVI,SPRINTER,30 - AUTOBUS,1005,436,438
568,2022,11,01709 - SEAT,IBIZA,40 - TURISMO,388,109,42
571,2022,11,02339 - JEEP,RENEGADE,40 - TURISMO,3124,134,419
573,2022,11,01709 - SEAT,ALHAMBR.1.9TDI 6V,40 - TURISMO,270,170,46
575,2022,11,01709 - SEAT,TOLEDO,40 - TURISMO,49,106,5
577,2022,11,01709 - SEAT,LEON 1.9,40 - TURISMO,623,135,84
578,2022,11,01476 - PEUGEOT,BOXER 2.0,20 - FURGONETA,316,180,57
580,2022,11,01291 - MITSUBISHI,L 200,02 - CAMION CAJA,146,173,25
582,2022,11,03670 - IVECO,70C18,03 - CAMION FURGON,346,214,74
585,2022,11,02009 - VOLKSWAGEN,PASSAT CC,40 - TURISMO,2995,137,410
589,2022,11,01551 - RENAULT,KANGOO EXPRESS Z.E.,20 - FURGONETA,544,0,0
594,2022,11,01709 - SEAT,IBIZA,40 - TURISMO,37,109,4
598,2022,11,01709 - SEAT,IBIZA,40 - TURISMO,826,109,90
599,2022,11,05466 - UNVI,TGEVEGA,30 - AUTOBUS,3984,214,853
609,2022,11,01709 - SEAT,LEON ECOMOTIVE,40 - TURISMO,417,99,41
613,2022,11,03670 - IVECO,CC80E18M P,00 - CAMION,1839,220,405
617,2022,12,01476 - PEUGEOT,BOXER,30 - AUTOBUS,105,235,25
618,2022,12,13461 - FORD-CNG-TECHNIK,MONDEO HÍBRIDO,40 - TURISMO,3038,101,307
621,2022,12,01382 - NISSAN,KUBISTAR,03 - CAMION FURGON,723,147,106
631,2022,12,01709 - SEAT,TOLEDO,40 - TURISMO,676,106,72
633,2022,12,01709 - SEAT,ALTEA,40 - TURISMO,390,119,46
634,2022,12,01709 - SEAT,LEON 1.9,40 - TURISMO,1135,135,153
638,2022,12,01709 - SEAT,ALHAMBRA,40 - TURISMO,857,150,129
640,2022,12,01709 - SEAT,LEON,40 - TURISMO,1239,96,119
644,2022,12,01709 - SEAT,LEON,40 - TURISMO,2376,96,228
646,2022,12,01551 - RENAULT,KANGOO EXPRESS Z.E.,20 - FURGONETA,242,0,0
648,2022,12,01382 - NISSAN,NISSAN LEAF 40KWH,40 - TURISMO,194,0,0
649,2022,12,01709 - SEAT,LEON,40 - TURISMO,1561,161,251
650,2022,12,00678 - FIAT,DOBLO,20 - FURGONETA,231,133,31
655,2022,12,01709 - SEAT,IBIZA,40 - TURISMO,641,109,70
661,2022,12,01382 - NISSAN,NISSAN E-NV200,20 - FURGONETA,423,0,0
668,2022,12,00678 - FIAT,SEICENTO,40 - TURISMO,179,143,26
671,2022,12,01253 - MERCEDES-BENZ,VITO 108 D,0G - VEHICULO MIXTO ADAPTABLE,0,195,0
676,2023,1,13461 - FORD-CNG-TECHNIK,MONDEO HÍBRIDO,40 - TURISMO,4684,101,473
679,2023,1,05466 - UNVI,SPRINTER,30 - AUTOBUS,686,436,299
684,2023,1,02339 - JEEP,RENEGADE,40 - TURISMO,638,134,85
687,2023,1,01709 - SEAT,ALHAMBR.1.9TDI 6V,40 - TURISMO,202,170,34
688,2023,1,01709 - SEAT,TOLEDO,40 - TURISMO,36,106,4
689,2023,1,01709 - SEAT,TOLEDO,40 - TURISMO,626,106,66
692,2023,1,01476 - PEUGEOT,BOXER 2.0,20 - FURGONETA,168,180,30
697,2023,1,01709 - SEAT,LEON,40 - TURISMO,946,96,91
700,2023,1,01885 - TOYOTA,LAND CRUISER (150 SERIE),25 - TODO TERRENO,1601,246,394
701,2023,1,01709 - SEAT,LEON,40 - TURISMO,393,96,38
702,2023,1,00388 - CITROEN,C2,03 - CAMION FURGON,86,113,10
705,2023,1,01382 - NISSAN,NISSAN LEAF 40KWH,40 - TURISMO,286,0,0
706,2023,1,01709 - SEAT,LEON,40 - TURISMO,1223,161,197
707,2023,1,00678 - FIAT,DOBLO,20 - FURGONETA,1465,133,195
711,2023,1,01885 - TOYOTA,TOYOTA YARIS HYBRID,40 - TURISMO,98,84,8
720,2023,1,01291 - MITSUBISHI,L 200,02 - CAMION CAJA,901,173,156
723,2023,1,01709 - SEAT,LEON ECOMOTIVE,40 - TURISMO,439,99,43
725,2023,1,00678 - FIAT,SEICENTO,40 - TURISMO,241,143,34
726,2023,1,01709 - SEAT,ALTEA,40 - TURISMO,348,142,49
727,2023,1,03670 - IVECO,CC80E18M P,00 - CAMION,9,220,2
728,2023,2,01181 - MAN,TGL,03 - CAMION FURGON,2504,354,886
729,2023,2,00678 - FIAT,IDEA,40 - TURISMO,73,124,9
733,2023,2,01252 - MERCEDES,VIANO 2.0,40 - TURISMO,78,218,17
735,2023,2,01551 - RENAULT,KANGOO,0G - VEHICULO MIXTO ADAPTABLE,345,140,48
740,2023,2,02339 - JEEP,RENEGADE,40 - TURISMO,2258,134,303
742,2023,2,01709 - SEAT,ALHAMBR.1.9TDI 6V,40 - TURISMO,213,170,36
747,2023,2,01476 - PEUGEOT,BOXER 2.0,20 - FURGONETA,331,180,60
749,2023,2,01291 - MITSUBISHI,L 200,02 - CAMION CAJA,545,173,94
750,2023,2,01709 - SEAT,ALHAMBRA,40 - TURISMO,1604,150,241
755,2023,2,01885 - TOYOTA,LAND CRUISER (150 SERIE),25 - TODO TERRENO,3528,246,868
757,2023,2,00388 - CITROEN,C2,03 - CAMION FURGON,5,113,1
758,2023,2,01551 - RENAULT,KANGOO EXPRESS Z.E.,20 - FURGONETA,458,0,0
759,2023,2,00388 - CITROEN,C2,03 - CAMION FURGON,86,113,10
771,2023,2,01885 - TOYOTA,AURIS HSD ACTIV,40 - TURISMO,292,89,26
773,2023,2,01382 - NISSAN,NISSAN E-NV200,20 - FURGONETA,440,0,0
775,2023,2,01291 - MITSUBISHI,L 200,02 - CAMION CAJA,611,173,106
777,2023,2,01382 - NISSAN,KUBISTAR,03 - CAMION FURGON,95,147,14
787,2023,3,13461 - FORD-CNG-TECHNIK,MONDEO HÍBRIDO,40 - TURISMO,4737,101,478
791,2023,3,01709 - SEAT,TOLEDO,40 - TURISMO,1211,114,138
793,2023,3,02339 - JEEP,RENEGADE,40 - TURISMO,501,134,67
797,2023,3,01709 - SEAT,ALHAMBR.1.9TDI 6V,40 - TURISMO,201,170,34
800,2023,3,01709 - SEAT,ALTEA,40 - TURISMO,520,119,62
802,2023,3,01476 - PEUGEOT,BOXER 2.0,20 - FURGONETA,0,180,0
804,2023,3,01291 - MITSUBISHI,L 200,02 - CAMION CAJA,230,173,40
807,2023,3,01709 - SEAT,LEON,40 - TURISMO,839,96,81
811,2023,3,01709 - SEAT,LEON,40 - TURISMO,867,96,83
815,2023,3,01382 - NISSAN,NISSAN LEAF 40KWH,40 - TURISMO,356,0,0
817,2023,3,00678 - FIAT,DOBLO,20 - FURGONETA,1191,133,158
819,2023,3,01885 - TOYOTA,TOYOTA YARIS HYBRID,40 - TURISMO,746,84,63
823,2023,3,05466 - UNVI,TGEVEGA,30 - AUTOBUS,3381,214,724
826,2023,3,01885 - TOYOTA,AURIS HSD ACTIV,40 - TURISMO,352,89,31
827,2023,3,01382 - NISSAN,NISSAN E-NV200,20 - FURGONETA,314,0,0
829,2023,3,00678 - FIAT,SEICENTO,21 - FURGONETA MIXTA,99,143,14
833,2023,3,01709 - SEAT,LEON ECOMOTIVE,40 - TURISMO,1064,99,105
835,2023,3,00678 - FIAT,SEICENTO,40 - TURISMO,58,143,8
843,2023,4,01252 - MERCEDES,VIANO 2.0,40 - TURISMO,59,218,13
844,2023,4,05466 - UNVI,SPRINTER,30 - AUTOBUS,1171,436,511
851,2023,4,00678 - FIAT,FIAT DUCATO,20 - FURGONETA,786,166,130
852,2023,4,01709 - SEAT,ALHAMBR.1.9TDI 6V,40 - TURISMO,203,170,35
854,2023,4,01709 - SEAT,TOLEDO,40 - TURISMO,703,106,75
855,2023,4,01709 - SEAT,ALTEA,40 - TURISMO,545,119,65
860,2023,4,01709 - SEAT,ALHAMBRA,40 - TURISMO,3109,150,466
861,2023,4,03670 - IVECO,70C18,03 - CAMION FURGON,119,214,25
863,2023,4,01885 - TOYOTA,LAND CRUISER (150 SERIE),25 - TODO TERRENO,2299,246,566
864,2023,4,02009 - VOLKSWAGEN,PASSAT CC,40 - TURISMO,1585,137,217
868,2023,4,01551 - RENAULT,KANGOO EXPRESS Z.E.,20 - FURGONETA,368,0,0
872,2023,4,00678 - FIAT,DOBLO,20 - FURGONETA,1718,133,228
876,2023,4,01885 - TOYOTA,TOYOTA YARIS HYBRID,40 - TURISMO,190,84,16
878,2023,4,05466 - UNVI,TGEVEGA,30 - AUTOBUS,2116,214,453
881,2023,4,01885 - TOYOTA,AURIS HSD ACTIV,40 - TURISMO,715,89,64
898,2023,5,01252 - MERCEDES,VIANO 2.0,40 - TURISMO,106,218,23
899,2023,5,05466 - UNVI,SPRINTER,30 - AUTOBUS,855,436,373
902,2023,5,01709 - SEAT,IBIZA,40 - TURISMO,297,109,32
905,2023,5,02339 - JEEP,RENEGADE,40 - TURISMO,1921,134,257
906,2023,5,00678 - FIAT,FIAT DUCATO,20 - FURGONETA,866,166,144
907,2023,5,01709 - SEAT,ALHAMBR.1.9TDI 6V,40 - TURISMO,350,170,60
911,2023,5,01709 - SEAT,LEON 1.9,40 - TURISMO,2538,135,343
917,2023,5,01709 - SEAT,LEON,40 - TURISMO,756,96,73
921,2023,5,01709 - SEAT,LEON,40 - TURISMO,1188,96,114
922,2023,5,00388 - CITROEN,C2,03 - CAMION FURGON,405,113,46
927,2023,5,00678 - FIAT,DOBLO,20 - FURGONETA,1901,133,253
929,2023,5,01885 - TOYOTA,TOYOTA YARIS HYBRID,40 - TURISMO,907,84,76
930,2023,5,01709 - SEAT,TOLEDO,40 - TURISMO,1523,106,161
931,2023,5,01885 - TOYOTA,TOYOTA YARIS HYBRID,40 - TURISMO,132,84,11
932,2023,5,01709 - SEAT,IBIZA,40 - TURISMO,440,109,48
933,2023,5,05466 - UNVI,TGEVEGA,30 - AUTOBUS,4251,214,910
935,2023,5,01885 - TOYOTA,AURIS HSD ACTIV,40 - TURISMO,524,89,47
936,2023,5,01885 - TOYOTA,AURIS HSD ACTIV,40 - TURISMO,501,89,45
939,2023,5,00678 - FIAT,SEICENTO,21 - FURGONETA MIXTA,15,143,2
947,2023,5,03670 - IVECO,CC80E18M P,00 - CAMION,3010,220,662
948,2023,6,01181 - MAN,TGL,03 - CAMION FURGON,2221,354,786
953,2023,6,01252 - MERCEDES,VIANO 2.0,40 - TURISMO,411,218,90
954,2023,6,05466 - UNVI,SPRINTER,30 - AUTOBUS,673,436,293
955,2023,6,01551 - RENAULT,KANGOO,0G - VEHICULO MIXTO ADAPTABLE,447,140,63
956,2023,6,01709 - SEAT,TOLEDO,40 - TURISMO,1008,114,115
957,2023,6,01709 - SEAT,IBIZA,40 - TURISMO,460,109,50
961,2023,6,00678 - FIAT,FIAT DUCATO,20 - FURGONETA,416,166,69
962,2023,6,01709 - SEAT,ALHAMBR.1.9TDI 6V,40 - TURISMO,284,170,48
966,2023,6,01709 - SEAT,LEON 1.9,40 - TURISMO,2297,135,310
967,2023,6,01476 - PEUGEOT,BOXER 2.0,20 - FURGONETA,12,180,2
971,2023,6,03670 - IVECO,70C18,03 - CAMION FURGON,504,214,108
974,2023,6,02009 - VOLKSWAGEN,PASSAT CC,40 - TURISMO,1687,137,231
975,2023,6,01885 - TOYOTA,LAND CRUISER (150 SERIE),25 - TODO TERRENO,214,246,53
976,2023,6,01709 - SEAT,LEON,40 - TURISMO,1264,96,121
979,2023,6,00388 - CITROEN,C2,03 - CAMION FURGON,83,113,9
980,2023,6,01382 - NISSAN,NISSAN LEAF 40KWH,40 - TURISMO,402,0,0
983,2023,6,01709 - SEAT,IBIZA,40 - TURISMO,60,109,7
991,2023,6,01885 - TOYOTA,AURIS HSD ACTIV,40 - TURISMO,234,89,21
994,2023,6,00678 - FIAT,SEICENTO,21 - FURGONETA MIXTA,19,143,3
995,2023,6,01291 - MITSUBISHI,L 200,02 - CAMION CAJA,977,173,169
6,2022,1,01382 - NISSAN,KUBISTAR,03 - CAMION FURGON,333,147,49
7,2022,1,05466 - UNVI,SPRINTER,30 - AUTOBUS,405,436,177
8,2022,1,01551 - RENAULT,KANGOO,0G - VEHICULO MIXTO ADAPTABLE,1361,140,191
15,2022,1,01709 - SEAT,ALHAMBR.1.9TDI 6V,40 - TURISMO,172,170,29
20,2022,1,01476 - PEUGEOT,BOXER 2.0,20 - FURGONETA,0,180,0
24,2022,1,01709 - SEAT,LEON,40 - TURISMO,819,96,79
26,2022,1,01709 - SEAT,LEON,40 - TURISMO,1701,96,163
27,2022,1,00678 - FIAT,IDEA,40 - TURISMO,835,130,109
30,2022,1,00388 - CITROEN,C2,03 - CAMION FURGON,164,113,19
34,2022,1,01709 - SEAT,IBIZA,40 - TURISMO,552,109,60
36,2022,1,01709 - SEAT,TOLEDO,40 - TURISMO,0,106,0
38,2022,1,01709 - SEAT,IBIZA,40 - TURISMO,916,109,100
40,2022,1,01885 - TOYOTA,AURIS HSD ACTIV,40 - TURISMO,923,89,82
44,2022,1,01382 - NISSAN,NISSAN E-NV200,20 - FURGONETA,360,0,0
48,2022,1,01382 - NISSAN,KUBISTAR,03 - CAMION FURGON,137,147,20
49,2022,1,01709 - SEAT,LEON ECOMOTIVE,40 - TURISMO,1060,99,105
52,2022,1,01709 - SEAT,ALTEA,40 - TURISMO,532,142,76
54,2022,1,03670 - IVECO,CC80E18M P,00 - CAMION,1419,220,312
56,2022,2,00678 - FIAT,IDEA,40 - TURISMO,189,124,23
60,2022,2,01252 - MERCEDES,VIANO 2.0,40 - TURISMO,444,218,97
64,2022,2,01709 - SEAT,TOLEDO,40 - TURISMO,1718,114,196
67,2022,2,02339 - JEEP,RENEGADE,40 - TURISMO,407,134,55
68,2022,2,02339 - JEEP,RENEGADE,40 - TURISMO,1843,134,247
69,2022,2,00678 - FIAT,FIAT DUCATO,20 - FURGONETA,328,166,54
73,2022,2,01709 - SEAT,ALTEA,40 - TURISMO,0,119,0
79,2022,2,01709 - SEAT,LEON,40 - TURISMO,424,96,41
80,2022,2,02009 - VOLKSWAGEN,PASSAT CC,40 - TURISMO,709,137,97
85,2022,2,00388 - CITROEN,C2,03 - CAMION FURGON,751,113,85
87,2022,2,01709 - SEAT,LEON,40 - TURISMO,1414,161,228
89,2022,2,01709 - SEAT,IBIZA,40 - TURISMO,1011,109,110
90,2022,2,01885 - TOYOTA,TOYOTA YARIS HYBRID,40 - TURISMO,56,84,5
91,2022,2,01709 - SEAT,TOLEDO,40 - TURISMO,399,106,42
92,2022,2,01885 - TOYOTA,TOYOTA YARIS HYBRID,40 - TURISMO,311,84,26
94,2022,2,05466 - UNVI,TGEVEGA,30 - AUTOBUS,3772,,
96,2022,2,01885 - TOYOTA,AURIS HSD ACTIV,40 - TURISMO,117,89,10
98,2022,2,01382 - NISSAN,NISSAN E-NV200,20 - FURGONETA,299,0,0
99,2022,2,01382 - NISSAN,NISSAN E-NV200,20 - FURGONETA,453,0,0
105,2022,2,01382 - NISSAN,KUBISTAR,20 - FURGONETA,155,147,23
106,2022,2,00678 - FIAT,SEICENTO,40 - TURISMO,48,143,7
107,2022,2,01709 - SEAT,ALTEA,40 - TURISMO,256,142,36
108,2022,2,01551 - RENAULT,R. MASTER,20 - FURGONETA,110,230,25
110,2022,2,01253 - MERCEDES-BENZ,VITO 108 D,0G - VEHICULO MIXTO ADAPTABLE,0,195,0
113,2022,3,13461 - FORD-CNG-TECHNIK,MONDEO HÍBRIDO,40 - TURISMO,3833,101,387
117,2022,3,01551 - RENAULT,KANGOO,0G - VEHICULO MIXTO ADAPTABLE,1591,140,223
118,2022,3,01709 - SEAT,TOLEDO,40 - TURISMO,1227,114,140
119,2022,3,01709 - SEAT,IBIZA,40 - TURISMO,103,109,11
121,2022,3,02339 - JEEP,RENEGADE,40 - TURISMO,429,134,57
129,2022,3,01476 - PEUGEOT,BOXER 2.0,20 - FURGONETA,274,180,49
134,2022,3,02009 - VOLKSWAGEN,PASSAT CC,40 - TURISMO,849,137,116
135,2022,3,01709 - SEAT,LEON,40 - TURISMO,1173,96,113
136,2022,3,00678 - FIAT,IDEA,40 - TURISMO,2774,130,361
138,2022,3,01551 - RENAULT,KANGOO EXPRESS Z.E.,20 - FURGONETA,623,0,0
141,2022,3,01709 - SEAT,LEON,40 - TURISMO,1176,161,189
149,2022,3,01885 - TOYOTA,AURIS HSD ACTIV,40 - TURISMO,604,89,54
150,2022,3,01885 - TOYOTA,AURIS HSD ACTIV,40 - TURISMO,745,89,66
153,2022,3,01382 - NISSAN,NISSAN E-NV200,20 - FURGONETA,536,0,0
156,2022,3,01291 - MITSUBISHI,GALLOPER SUPER EXCEED,0G - VEHICULO MIXTO ADAPTABLE,599,173,104
157,2022,3,01382 - NISSAN,KUBISTAR,03 - CAMION FURGON,366,147,54
160,2022,3,00678 - FIAT,SEICENTO,40 - TURISMO,130,143,19
162,2022,3,01551 - RENAULT,R. MASTER,20 - FURGONETA,520,230,120
163,2022,3,03670 - IVECO,CC80E18M P,00 - CAMION,1598,220,352
165,2022,4,00678 - FIAT,IDEA,40 - TURISMO,130,124,16
166,2022,4,01476 - PEUGEOT,BOXER,30 - AUTOBUS,1,235,0
169,2022,4,01252 - MERCEDES,VIANO 2.0,40 - TURISMO,101,218,22
171,2022,4,05466 - UNVI,SPRINTER,30 - AUTOBUS,720,436,314
174,2022,4,01709 - SEAT,IBIZA,40 - TURISMO,531,109,58
180,2022,4,01709 - SEAT,TOLEDO,40 - TURISMO,1195,106,127
184,2022,4,01476 - PEUGEOT,BOXER 2.0,20 - FURGONETA,65,180,12
185,2022,4,01709 - SEAT,LEON 1.9,40 - TURISMO,146,135,20
190,2022,4,01709 - SEAT,LEON,40 - TURISMO,1047,96,101
197,2022,4,00678 - FIAT,DOBLO,20 - FURGONETA,901,133,120
201,2022,4,01885 - TOYOTA,TOYOTA YARIS HYBRID,40 - TURISMO,494,84,41
204,2022,4,01885 - TOYOTA,AURIS HSD ACTIV,40 - TURISMO,1246,89,111
205,2022,4,01885 - TOYOTA,AURIS HSD ACTIV,40 - TURISMO,494,89,44
208,2022,4,01382 - NISSAN,NISSAN E-NV200,20 - FURGONETA,350,0,0
211,2022,4,01291 - MITSUBISHI,GALLOPER SUPER EXCEED,0G - VEHICULO MIXTO ADAPTABLE,629,173,109
212,2022,4,01382 - NISSAN,KUBISTAR,03 - CAMION FURGON,1047,147,154
214,2022,4,01382 - NISSAN,KUBISTAR,20 - FURGONETA,76,147,11
215,2022,4,00678 - FIAT,SEICENTO,40 - TURISMO,136,143,19
224,2022,5,01252 - MERCEDES,VIANO 2.0,40 - TURISMO,148,218,32
227,2022,5,01551 - RENAULT,KANGOO,0G - VEHICULO MIXTO ADAPTABLE,859,140,120
228,2022,5,01709 - SEAT,TOLEDO,40 - TURISMO,3213,114,366
230,2022,5,02339 - JEEP,RENEGADE,40 - TURISMO,2784,134,373
233,2022,5,00678 - FIAT,FIAT DUCATO,20 - FURGONETA,414,166,69
234,2022,5,01709 - SEAT,ALHAMBR.1.9TDI 6V,40 - TURISMO,166,170,28
238,2022,5,01709 - SEAT,LEON 1.9,40 - TURISMO,535,135,72
239,2022,5,01476 - PEUGEOT,BOXER 2.0,20 - FURGONETA,88,180,16
244,2022,5,02009 - VOLKSWAGEN,PASSAT CC,40 - TURISMO,2055,137,282
245,2022,5,01709 - SEAT,LEON,40 - TURISMO,1324,96,127
249,2022,5,00388 - CITROEN,C2,03 - CAMION FURGON,531,113,60
250,2022,5,01382 - NISSAN,NISSAN LEAF 40KWH,40 - TURISMO,282,0,0
252,2022,5,00678 - FIAT,DOBLO,20 - FURGONETA,1947,133,259
254,2022,5,01885 - TOYOTA,TOYOTA YARIS HYBRID,40 - TURISMO,1031,84,87
257,2022,5,01709 - SEAT,IBIZA,40 - TURISMO,602,109,66
261,2022,5,01885 - TOYOTA,AURIS HSD ACTIV,40 - TURISMO,1196,89,106
263,2022,5,01382 - NISSAN,NISSAN E-NV200,20 - FURGONETA,480,0,0
264,2022,5,00678 - FIAT,SEICENTO,21 - FURGONETA MIXTA,251,143,36
269,2022,5,01382 - NISSAN,KUBISTAR,20 - FURGONETA,208,147,31
272,2022,5,01551 - RENAULT,R. MASTER,20 - FURGONETA,303,230,70
273,2022,5,03670 - IVECO,CC80E18M P,00 - CAMION,2422,220,533
280,2022,6,01382 - NISSAN,KUBISTAR,03 - CAMION FURGON,323,147,47
282,2022,6,01551 - RENAULT,KANGOO,0G - VEHICULO MIXTO ADAPTABLE,1148,140,161
283,2022,6,01709 - SEAT,TOLEDO,40 - TURISMO,901,114,103
284,2022,6,01709 - SEAT,IBIZA,40 - TURISMO,104,109,11
285,2022,6,02339 - JEEP,RENEGADE,40 - TURISMO,919,134,123
293,2022,6,01709 - SEAT,LEON 1.9,40 - TURISMO,2275,135,307
294,2022,6,01476 - PEUGEOT,BOXER 2.0,20 - FURGONETA,114,180,21
296,2022,6,01291 - MITSUBISHI,L 200,02 - CAMION CAJA,546,173,94
307,2022,6,00678 - FIAT,DOBLO,20 - FURGONETA,2309,133,307
309,2022,6,01885 - TOYOTA,TOYOTA YARIS HYBRID,40 - TURISMO,712,84,60
323,2022,6,01709 - SEAT,LEON ECOMOTIVE,40 - TURISMO,326,99,32
325,2022,6,00678 - FIAT,SEICENTO,40 - TURISMO,121,143,17
326,2022,6,01709 - SEAT,ALTEA,40 - TURISMO,521,142,74
332,2022,7,01476 - PEUGEOT,BOXER,30 - AUTOBUS,392,235,92
333,2022,7,13461 - FORD-CNG-TECHNIK,MONDEO HÍBRIDO,40 - TURISMO,2898,101,293
336,2022,7,01382 - NISSAN,KUBISTAR,03 - CAMION FURGON,285,147,42
337,2022,7,05466 - UNVI,SPRINTER,30 - AUTOBUS,17,436,8
339,2022,7,01709 - SEAT,TOLEDO,40 - TURISMO,1323,114,151
343,2022,7,02339 - JEEP,RENEGADE,40 - TURISMO,2,134,0
346,2022,7,01709 - SEAT,TOLEDO,40 - TURISMO,3012,106,319
352,2022,7,01291 - MITSUBISHI,L 200,02 - CAMION CAJA,1366,173,236
353,2022,7,01709 - SEAT,ALHAMBRA,40 - TURISMO,3028,150,454
354,2022,7,01709 - SEAT,LEON,40 - TURISMO,1508,96,145
357,2022,7,01885 - TOYOTA,LAND CRUISER (150 SERIE),25 - TODO TERRENO,1615,246,397
358,2022,7,01709 - SEAT,LEON,40 - TURISMO,968,96,93
360,2022,7,01551 - RENAULT,KANGOO EXPRESS Z.E.,20 - FURGONETA,494,0,0
362,2022,7,01382 - NISSAN,NISSAN LEAF 40KWH,40 - TURISMO,347,0,0
372,2022,7,01885 - TOYOTA,AURIS HSD ACTIV,40 - TURISMO,27,89,2
378,2022,7,01291 - MITSUBISHI,GALLOPER SUPER EXCEED,0G - VEHICULO MIXTO ADAPTABLE,836,173,145
384,2022,7,01551 - RENAULT,R. MASTER,20 - FURGONETA,847,230,195
388,2022,8,00678 - FIAT,IDEA,40 - TURISMO,13,124,2
394,2022,8,05466 - UNVI,SPRINTER,30 - AUTOBUS,87,436,38
399,2022,8,02339 - JEEP,RENEGADE,40 - TURISMO,1039,134,139
401,2022,8,00678 - FIAT,FIAT DUCATO,20 - FURGONETA,3853,166,640
402,2022,8,01709 - SEAT,ALHAMBR.1.9TDI 6V,40 - TURISMO,0,170,0
404,2022,8,01709 - SEAT,TOLEDO,40 - TURISMO,2604,106,276
406,2022,8,01709 - SEAT,LEON 1.9,40 - TURISMO,1771,135,239
409,2022,8,01291 - MITSUBISHI,L 200,02 - CAMION CAJA,838,173,145
410,2022,8,01709 - SEAT,ALHAMBRA,40 - TURISMO,5829,150,874
415,2022,8,01709 - SEAT,LEON,40 - TURISMO,491,96,47
419,2022,8,01382 - NISSAN,NISSAN LEAF 40KWH,40 - TURISMO,218,0,0
421,2022,8,00678 - FIAT,DOBLO,20 - FURGONETA,2283,133,304
425,2022,8,01885 - TOYOTA,TOYOTA YARIS HYBRID,40 - TURISMO,188,84,16
430,2022,8,01885 - TOYOTA,AURIS HSD ACTIV,40 - TURISMO,449,89,40
432,2022,8,01382 - NISSAN,NISSAN E-NV200,20 - FURGONETA,347,0,0
433,2022,8,00678 - FIAT,SEICENTO,21 - FURGONETA MIXTA,75,143,11
439,2022,8,00678 - FIAT,SEICENTO,40 - TURISMO,191,143,27
441,2022,8,01551 - RENAULT,R. MASTER,20 - FURGONETA,1261,230,290
442,2022,8,03670 - IVECO,CC80E18M P,00 - CAMION,4,220,1
445,2022,9,00678 - FIAT,IDEA,40 - TURISMO,98,124,12
446,2022,9,01476 - PEUGEOT,BOXER,30 - AUTOBUS,332,235,78
450,2022,9,01382 - NISSAN,KUBISTAR,03 - CAMION FURGON,301,147,44
455,2022,9,02339 - JEEP,RENEGADE,40 - TURISMO,1159,134,155
456,2022,9,02339 - JEEP,RENEGADE,40 - TURISMO,887,134,119
460,2022,9,01709 - SEAT,TOLEDO,40 - TURISMO,447,106,47
475,2022,9,00388 - CITROEN,C2,03 - CAMION FURGON,56,113,6
480,2022,9,01885 - TOYOTA,TOYOTA YARIS HYBRID,40 - TURISMO,619,84,52
482,2022,9,01885 - TOYOTA,TOYOTA YARIS HYBRID,40 - TURISMO,818,84,69
484,2022,9,05466 - UNVI,TGEVEGA,30 - AUTOBUS,1221,214,261
489,2022,9,01382 - NISSAN,NISSAN E-NV200,20 - FURGONETA,356,0,0
495,2022,9,01382 - NISSAN,KUBISTAR,20 - FURGONETA,394,147,58
497,2022,9,01709 - SEAT,ALTEA,40 - TURISMO,202,142,29
498,2022,9,01551 - RENAULT,R. MASTER,20 - FURGONETA,178,230,41
501,2022,10,01181 - MAN,TGL,03 - CAMION FURGON,3463,354,1226
503,2022,10,01476 - PEUGEOT,BOXER,30 - AUTOBUS,647,235,152
504,2022,10,13461 - FORD-CNG-TECHNIK,MONDEO HÍBRIDO,40 - TURISMO,5918,101,598
505,2022,10,13461 - FORD-CNG-TECHNIK,MONDEO HÍBRIDO,40 - TURISMO,6145,101,621
508,2022,10,05466 - UNVI,SPRINTER,30 - AUTOBUS,1199,436,523
509,2022,10,01551 - RENAULT,KANGOO,0G - VEHICULO MIXTO ADAPTABLE,916,140,128
515,2022,10,00678 - FIAT,FIAT DUCATO,20 - FURGONETA,546,166,91
526,2022,10,01885 - TOYOTA,LAND CRUISER (150 SERIE),25 - TODO TERRENO,3146,246,774
528,2022,10,01885 - TOYOTA,LAND CRUISER (150 SERIE),25 - TODO TERRENO,3406,246,838
531,2022,10,01551 - RENAULT,KANGOO EXPRESS Z.E.,20 - FURGONETA,885,0,0
533,2022,10,01382 - NISSAN,NISSAN LEAF 40KWH,40 - TURISMO,598,0,0
535,2022,10,00678 - FIAT,DOBLO,20 - FURGONETA,2106,133,280
540,2022,10,01709 - SEAT,IBIZA,40 - TURISMO,174,109,19
542,2022,10,01885 - TOYOTA,AURIS HSD ACTIV,40 - TURISMO,978,89,87
545,2022,10,01382 - NISSAN,NISSAN E-NV200,20 - FURGONETA,834,0,0
546,2022,10,01382 - NISSAN,NISSAN E-NV200,20 - FURGONETA,527,0,0
558,2022,11,01181 - MAN,TGL,03 - CAMION FURGON,2401,354,850
561,2022,11,13461 - FORD-CNG-TECHNIK,MONDEO HÍBRIDO,40 - TURISMO,4915,101,496
564,2022,11,01382 - NISSAN,KUBISTAR,03 - CAMION FURGON,257,147,38
566,2022,11,01551 - RENAULT,KANGOO,0G - VEHICULO MIXTO ADAPTABLE,1349,140,189
567,2022,11,01709 - SEAT,TOLEDO,40 - TURISMO,1162,114,132
569,2022,11,02339 - JEEP,RENEGADE,40 - TURISMO,1737,134,233
570,2022,11,02339 - JEEP,RENEGADE,40 - TURISMO,1443,134,193
574,2022,11,01709 - SEAT,TOLEDO,40 - TURISMO,168,106,18
581,2022,11,01709 - SEAT,ALHAMBRA,40 - TURISMO,894,150,134
583,2022,11,01709 - SEAT,LEON,40 - TURISMO,1254,96,120
584,2022,11,01885 - TOYOTA,LAND CRUISER (150 SERIE),25 - TODO TERRENO,3267,246,804
586,2022,11,01885 - TOYOTA,LAND CRUISER (150 SERIE),25 - TODO TERRENO,3189,246,784
587,2022,11,01709 - SEAT,LEON,40 - TURISMO,1690,96,162
595,2022,11,01885 - TOYOTA,TOYOTA YARIS HYBRID,40 - TURISMO,1024,84,86
597,2022,11,01885 - TOYOTA,TOYOTA YARIS HYBRID,40 - TURISMO,220,84,18
600,2022,11,01885 - TOYOTA,AURIS HSD ACTIV,40 - TURISMO,1377,89,123
601,2022,11,01885 - TOYOTA,AURIS HSD ACTIV,40 - TURISMO,273,89,24
605,2022,11,00678 - FIAT,SEICENTO,21 - FURGONETA MIXTA,62,143,9
606,2022,11,01291 - MITSUBISHI,L 200,02 - CAMION CAJA,440,173,76
607,2022,11,01291 - MITSUBISHI,GALLOPER SUPER EXCEED,0G - VEHICULO MIXTO ADAPTABLE,62,173,11
608,2022,11,01382 - NISSAN,KUBISTAR,03 - CAMION FURGON,174,147,26
612,2022,11,01709 - SEAT,ALTEA,40 - TURISMO,219,142,31
615,2022,12,01181 - MAN,TGL,03 - CAMION FURGON,1392,354,493
616,2022,12,00678 - FIAT,IDEA,40 - TURISMO,43,124,5
619,2022,12,13461 - FORD-CNG-TECHNIK,MONDEO HÍBRIDO,40 - TURISMO,4344,101,439
620,2022,12,01252 - MERCEDES,VIANO 2.0,40 - TURISMO,122,218,27
622,2022,12,05466 - UNVI,SPRINTER,30 - AUTOBUS,689,436,300
623,2022,12,01551 - RENAULT,KANGOO,0G - VEHICULO MIXTO ADAPTABLE,935,140,131
625,2022,12,01709 - SEAT,IBIZA,40 - TURISMO,46,109,5
629,2022,12,00678 - FIAT,FIAT DUCATO,20 - FURGONETA,823,166,137
632,2022,12,01709 - SEAT,TOLEDO,40 - TURISMO,542,106,57
639,2022,12,03670 - IVECO,70C18,03 - CAMION FURGON,66,214,14
642,2022,12,02009 - VOLKSWAGEN,PASSAT CC,40 - TURISMO,1953,137,268
647,2022,12,00388 - CITROEN,C2,03 - CAMION FURGON,33,113,4
652,2022,12,01885 - TOYOTA,TOYOTA YARIS HYBRID,40 - TURISMO,563,84,47
654,2022,12,01885 - TOYOTA,TOYOTA YARIS HYBRID,40 - TURISMO,909,84,76
657,2022,12,01885 - TOYOTA,AURIS HSD ACTIV,40 - TURISMO,801,89,71
659,2022,12,01885 - TOYOTA,AURIS HSD ACTIV,40 - TURISMO,68,89,6
662,2022,12,00678 - FIAT,SEICENTO,21 - FURGONETA MIXTA,67,143,10
663,2022,12,01291 - MITSUBISHI,L 200,02 - CAMION CAJA,222,173,38
666,2022,12,01709 - SEAT,LEON ECOMOTIVE,40 - TURISMO,548,99,54
670,2022,12,03670 - IVECO,CC80E18M P,00 - CAMION,504,220,111
673,2023,1,00678 - FIAT,IDEA,40 - TURISMO,38,124,5
675,2023,1,13461 - FORD-CNG-TECHNIK,MONDEO HÍBRIDO,40 - TURISMO,3209,101,324
677,2023,1,01252 - MERCEDES,VIANO 2.0,40 - TURISMO,79,218,17
678,2023,1,01382 - NISSAN,KUBISTAR,03 - CAMION FURGON,240,147,35
680,2023,1,01551 - RENAULT,KANGOO,0G - VEHICULO MIXTO ADAPTABLE,1509,140,211
681,2023,1,01709 - SEAT,TOLEDO,40 - TURISMO,498,114,57
683,2023,1,02339 - JEEP,RENEGADE,40 - TURISMO,538,134,72
686,2023,1,00678 - FIAT,FIAT DUCATO,20 - FURGONETA,905,166,150
690,2023,1,01709 - SEAT,ALTEA,40 - TURISMO,357,119,42
693,2023,1,01709 - SEAT,LEON 1.9,40 - TURISMO,1219,135,165
698,2023,1,01885 - TOYOTA,LAND CRUISER (150 SERIE),25 - TODO TERRENO,1201,246,295
699,2023,1,02009 - VOLKSWAGEN,PASSAT CC,40 - TURISMO,2610,137,358
703,2023,1,01551 - RENAULT,KANGOO EXPRESS Z.E.,20 - FURGONETA,327,0,0
704,2023,1,00388 - CITROEN,C2,03 - CAMION FURGON,305,113,34
708,2023,1,01709 - SEAT,IBIZA,40 - TURISMO,68,109,7
713,2023,1,05466 - UNVI,TGEVEGA,30 - AUTOBUS,2189,214,468
716,2023,1,01885 - TOYOTA,AURIS HSD ACTIV,40 - TURISMO,78,89,7
721,2023,1,01291 - MITSUBISHI,GALLOPER SUPER EXCEED,0G - VEHICULO MIXTO ADAPTABLE,110,173,19
724,2023,1,01382 - NISSAN,KUBISTAR,20 - FURGONETA,369,147,54
730,2023,2,01476 - PEUGEOT,BOXER,30 - AUTOBUS,138,235,32
736,2023,2,01709 - SEAT,TOLEDO,40 - TURISMO,785,114,89
737,2023,2,01709 - SEAT,IBIZA,40 - TURISMO,87,109,9
738,2023,2,02339 - JEEP,RENEGADE,40 - TURISMO,360,134,48
739,2023,2,02339 - JEEP,RENEGADE,40 - TURISMO,635,134,85
741,2023,2,00678 - FIAT,FIAT DUCATO,20 - FURGONETA,242,166,40
744,2023,2,01709 - SEAT,TOLEDO,40 - TURISMO,1399,106,148
745,2023,2,01709 - SEAT,ALTEA,40 - TURISMO,782,119,93
748,2023,2,01709 - SEAT,LEON 1.9,40 - TURISMO,1115,135,151
751,2023,2,03670 - IVECO,70C18,03 - CAMION FURGON,26,214,6
753,2023,2,01885 - TOYOTA,LAND CRUISER (150 SERIE),25 - TODO TERRENO,2124,246,523
756,2023,2,01709 - SEAT,LEON,40 - TURISMO,1409,96,135
760,2023,2,01382 - NISSAN,NISSAN LEAF 40KWH,40 - TURISMO,658,0,0
763,2023,2,01709 - SEAT,IBIZA,40 - TURISMO,63,109,7
766,2023,2,01885 - TOYOTA,TOYOTA YARIS HYBRID,40 - TURISMO,251,84,21
769,2023,2,01885 - TOYOTA,AURIS HSD ACTIV,40 - TURISMO,829,89,74
770,2023,2,01885 - TOYOTA,AURIS HSD ACTIV,40 - TURISMO,123,89,11
774,2023,2,00678 - FIAT,SEICENTO,21 - FURGONETA MIXTA,36,143,5
788,2023,3,01252 - MERCEDES,VIANO 2.0,40 - TURISMO,159,218,35
789,2023,3,05466 - UNVI,SPRINTER,30 - AUTOBUS,1229,436,536
792,2023,3,01709 - SEAT,IBIZA,40 - TURISMO,60,109,7
794,2023,3,02339 - JEEP,RENEGADE,40 - TURISMO,1617,134,217
795,2023,3,02339 - JEEP,RENEGADE,40 - TURISMO,2946,134,395
796,2023,3,00678 - FIAT,FIAT DUCATO,20 - FURGONETA,443,166,74
798,2023,3,01709 - SEAT,TOLEDO,40 - TURISMO,287,106,30
805,2023,3,01709 - SEAT,ALHAMBRA,40 - TURISMO,3320,150,498
808,2023,3,01885 - TOYOTA,LAND CRUISER (150 SERIE),25 - TODO TERRENO,2775,246,683
812,2023,3,00388 - CITROEN,C2,03 - CAMION FURGON,194,113,22
813,2023,3,01551 - RENAULT,KANGOO EXPRESS Z.E.,20 - FURGONETA,417,0,0
816,2023,3,01709 - SEAT,LEON,40 - TURISMO,2903,161,467
818,2023,3,01709 - SEAT,IBIZA,40 - TURISMO,36,109,4
821,2023,3,01885 - TOYOTA,TOYOTA YARIS HYBRID,40 - TURISMO,490,84,41
822,2023,3,01709 - SEAT,IBIZA,40 - TURISMO,908,109,99
828,2023,3,01382 - NISSAN,NISSAN E-NV200,20 - FURGONETA,556,0,0
830,2023,3,01291 - MITSUBISHI,L 200,02 - CAMION CAJA,309,173,53
831,2023,3,01291 - MITSUBISHI,GALLOPER SUPER EXCEED,0G - VEHICULO MIXTO ADAPTABLE,317,173,55
832,2023,3,01382 - NISSAN,KUBISTAR,03 - CAMION FURGON,86,147,13
834,2023,3,01382 - NISSAN,KUBISTAR,20 - FURGONETA,750,147,110
837,2023,3,03670 - IVECO,CC80E18M P,00 - CAMION,2261,220,497
838,2023,4,01181 - MAN,TGL,03 - CAMION FURGON,1939,354,686
839,2023,4,00678 - FIAT,IDEA,40 - TURISMO,25,124,3
847,2023,4,01709 - SEAT,IBIZA,40 - TURISMO,199,109,22
850,2023,4,02339 - JEEP,RENEGADE,40 - TURISMO,2621,134,351
859,2023,4,01291 - MITSUBISHI,L 200,02 - CAMION CAJA,109,173,19
862,2023,4,01709 - SEAT,LEON,40 - TURISMO,932,96,89
866,2023,4,01709 - SEAT,LEON,40 - TURISMO,1386,96,133
871,2023,4,01709 - SEAT,LEON,40 - TURISMO,1110,161,179
874,2023,4,01885 - TOYOTA,TOYOTA YARIS HYBRID,40 - TURISMO,165,84,14
877,2023,4,01709 - SEAT,IBIZA,40 - TURISMO,708,109,77
883,2023,4,01382 - NISSAN,NISSAN E-NV200,20 - FURGONETA,449,0,0
884,2023,4,00678 - FIAT,SEICENTO,21 - FURGONETA MIXTA,42,143,6
885,2023,4,01291 - MITSUBISHI,L 200,02 - CAMION CAJA,697,173,121
886,2023,4,01291 - MITSUBISHI,GALLOPER SUPER EXCEED,0G - VEHICULO MIXTO ADAPTABLE,536,173,93
891,2023,4,01709 - SEAT,ALTEA,40 - TURISMO,692,142,98
894,2023,5,00678 - FIAT,IDEA,40 - TURISMO,63,124,8
897,2023,5,13461 - FORD-CNG-TECHNIK,MONDEO HÍBRIDO,40 - TURISMO,3775,101,381
900,2023,5,01551 - RENAULT,KANGOO,0G - VEHICULO MIXTO ADAPTABLE,790,140,111
903,2023,5,02339 - JEEP,RENEGADE,40 - TURISMO,246,134,33
904,2023,5,02339 - JEEP,RENEGADE,40 - TURISMO,340,134,46
909,2023,5,01709 - SEAT,TOLEDO,40 - TURISMO,528,106,56
913,2023,5,01709 - SEAT,LEON 1.9,40 - TURISMO,1691,135,228
918,2023,5,01885 - TOYOTA,LAND CRUISER (150 SERIE),25 - TODO TERRENO,2987,246,735
920,2023,5,01885 - TOYOTA,LAND CRUISER (150 SERIE),25 - TODO TERRENO,245,246,60
924,2023,5,00388 - CITROEN,C2,03 - CAMION FURGON,64,113,7
925,2023,5,01382 - NISSAN,NISSAN LEAF 40KWH,40 - TURISMO,384,0,0
926,2023,5,01709 - SEAT,LEON,40 - TURISMO,926,161,149
928,2023,5,01709 - SEAT,IBIZA,40 - TURISMO,113,109,12
937,2023,5,01382 - NISSAN,NISSAN E-NV200,20 - FURGONETA,380,0,0
938,2023,5,01382 - NISSAN,NISSAN E-NV200,20 - FURGONETA,404,0,0
940,2023,5,01291 - MITSUBISHI,L 200,02 - CAMION CAJA,924,173,160
941,2023,5,01291 - MITSUBISHI,GALLOPER SUPER EXCEED,0G - VEHICULO MIXTO ADAPTABLE,1064,173,184
942,2023,5,01382 - NISSAN,KUBISTAR,03 - CAMION FURGON,1760,147,259
943,2023,5,01709 - SEAT,LEON ECOMOTIVE,40 - TURISMO,7,99,1
945,2023,5,00678 - FIAT,SEICENTO,40 - TURISMO,272,143,39
952,2023,6,13461 - FORD-CNG-TECHNIK,MONDEO HÍBRIDO,40 - TURISMO,3247,101,328
958,2023,6,02339 - JEEP,RENEGADE,40 - TURISMO,614,134,82
959,2023,6,02339 - JEEP,RENEGADE,40 - TURISMO,1011,134,135
960,2023,6,02339 - JEEP,RENEGADE,40 - TURISMO,3167,134,424
963,2023,6,01709 - SEAT,TOLEDO,40 - TURISMO,171,106,18
964,2023,6,01709 - SEAT,TOLEDO,40 - TURISMO,2842,106,301
965,2023,6,01709 - SEAT,ALTEA,40 - TURISMO,534,119,64
972,2023,6,01709 - SEAT,LEON,40 - TURISMO,1073,96,103
973,2023,6,01885 - TOYOTA,LAND CRUISER (150 SERIE),25 - TODO TERRENO,1414,246,348
978,2023,6,01551 - RENAULT,KANGOO EXPRESS Z.E.,20 - FURGONETA,439,0,0
981,2023,6,01709 - SEAT,LEON,40 - TURISMO,0,161,0
987,2023,6,01709 - SEAT,IBIZA,40 - TURISMO,927,109,101
988,2023,6,05466 - UNVI,TGEVEGA,30 - AUTOBUS,2946,214,630
993,2023,6,01382 - NISSAN,NISSAN E-NV200,20 - FURGONETA,608,0,0
996,2023,6,01291 - MITSUBISHI,GALLOPER SUPER EXCEED,0G - VEHICULO MIXTO ADAPTABLE,353,173,61
997,2023,6,01382 - NISSAN,KUBISTAR,03 - CAMION FURGON,2135,147,314
998,2023,6,01709 - SEAT,LEON ECOMOTIVE,40 - TURISMO,1118,99,111
999,2023,6,01382 - NISSAN,KUBISTAR,20 - FURGONETA,90,147,13
1000,2023,6,00678 - FIAT,SEICENTO,40 - TURISMO,250,143,36
1001,2023,6,01709 - SEAT,ALTEA,40 - TURISMO,114,142,16
1,2022,1,00678 - FIAT,IDEA,40 - TURISMO,18,124,2
3,2022,1,13461 - FORD-CNG-TECHNIK,MONDEO HÍBRIDO,40 - TURISMO,3711,101,375
4,2022,1,13461 - FORD-CNG-TECHNIK,MONDEO HÍBRIDO,40 - TURISMO,1774,101,179
5,2022,1,01252 - MERCEDES,VIANO 2.0,40 - TURISMO,447,218,97
9,2022,1,01709 - SEAT,TOLEDO,40 - TURISMO,2465,114,281
10,2022,1,01709 - SEAT,IBIZA,40 - TURISMO,538,109,59
12,2022,1,02339 - JEEP,RENEGADE,40 - TURISMO,69,134,9
13,2022,1,02339 - JEEP,RENEGADE,40 - TURISMO,1876,134,251
19,2022,1,01709 - SEAT,LEON 1.9,40 - TURISMO,5,135,1
23,2022,1,01709 - SEAT,ALHAMBRA,40 - TURISMO,1515,150,227
29,2022,1,01551 - RENAULT,KANGOO EXPRESS Z.E.,20 - FURGONETA,428,0,0
31,2022,1,01382 - NISSAN,NISSAN LEAF 40KWH,40 - TURISMO,956,0,0
41,2022,1,01885 - TOYOTA,AURIS HSD ACTIV,40 - TURISMO,309,89,28
42,2022,1,01885 - TOYOTA,AURIS HSD ACTIV,40 - TURISMO,475,89,42
47,2022,1,01291 - MITSUBISHI,GALLOPER SUPER EXCEED,0G - VEHICULO MIXTO ADAPTABLE,395,173,68
51,2022,1,00678 - FIAT,SEICENTO,40 - TURISMO,66,143,9
53,2022,1,01551 - RENAULT,R. MASTER,20 - FURGONETA,274,230,63
61,2022,2,01382 - NISSAN,KUBISTAR,03 - CAMION FURGON,408,147,60
62,2022,2,05466 - UNVI,SPRINTER,30 - AUTOBUS,948,436,413
65,2022,2,01709 - SEAT,IBIZA,40 - TURISMO,129,109,14
66,2022,2,02339 - JEEP,RENEGADE,40 - TURISMO,993,134,133
70,2022,2,01709 - SEAT,ALHAMBR.1.9TDI 6V,40 - TURISMO,76,170,13
72,2022,2,01709 - SEAT,TOLEDO,40 - TURISMO,306,106,32
74,2022,2,01709 - SEAT,LEON 1.9,40 - TURISMO,68,135,9
77,2022,2,01291 - MITSUBISHI,L 200,02 - CAMION CAJA,673,173,116
78,2022,2,01709 - SEAT,ALHAMBRA,40 - TURISMO,2470,150,370
95,2022,2,01885 - TOYOTA,AURIS HSD ACTIV,40 - TURISMO,1320,89,117
97,2022,2,01885 - TOYOTA,AURIS HSD ACTIV,40 - TURISMO,360,89,32
100,2022,2,00678 - FIAT,SEICENTO,21 - FURGONETA MIXTA,189,143,27
112,2022,3,13461 - FORD-CNG-TECHNIK,MONDEO HÍBRIDO,40 - TURISMO,3569,101,360
114,2022,3,01252 - MERCEDES,VIANO 2.0,40 - TURISMO,100,218,22
115,2022,3,01382 - NISSAN,KUBISTAR,03 - CAMION FURGON,307,147,45
116,2022,3,05466 - UNVI,SPRINTER,30 - AUTOBUS,579,436,252
123,2022,3,00678 - FIAT,FIAT DUCATO,20 - FURGONETA,446,166,74
126,2022,3,01709 - SEAT,TOLEDO,40 - TURISMO,1113,106,118
128,2022,3,01709 - SEAT,LEON 1.9,40 - TURISMO,748,135,101
131,2022,3,01291 - MITSUBISHI,L 200,02 - CAMION CAJA,128,173,22
140,2022,3,01382 - NISSAN,NISSAN LEAF 40KWH,40 - TURISMO,321,0,0
142,2022,3,00678 - FIAT,DOBLO,20 - FURGONETA,1071,133,142
143,2022,3,01709 - SEAT,IBIZA,40 - TURISMO,1108,109,121
144,2022,3,01885 - TOYOTA,TOYOTA YARIS HYBRID,40 - TURISMO,1004,84,84
145,2022,3,01709 - SEAT,TOLEDO,40 - TURISMO,2845,106,302
146,2022,3,01885 - TOYOTA,TOYOTA YARIS HYBRID,40 - TURISMO,510,84,43
147,2022,3,01709 - SEAT,IBIZA,40 - TURISMO,474,109,52
148,2022,3,05466 - UNVI,TGEVEGA,30 - AUTOBUS,3241,120,389
152,2022,3,01382 - NISSAN,NISSAN E-NV200,20 - FURGONETA,690,0,0
155,2022,3,01291 - MITSUBISHI,L 200,02 - CAMION CAJA,765,173,132
159,2022,3,01382 - NISSAN,KUBISTAR,20 - FURGONETA,367,147,54
164,2022,3,01253 - MERCEDES-BENZ,VITO 108 D,0G - VEHICULO MIXTO ADAPTABLE,50,195,10
172,2022,4,01551 - RENAULT,KANGOO,0G - VEHICULO MIXTO ADAPTABLE,1208,140,169
173,2022,4,01709 - SEAT,TOLEDO,40 - TURISMO,1006,114,115
176,2022,4,02339 - JEEP,RENEGADE,40 - TURISMO,1254,134,168
177,2022,4,02339 - JEEP,RENEGADE,40 - TURISMO,2004,134,269
178,2022,4,00678 - FIAT,FIAT DUCATO,20 - FURGONETA,428,166,71
181,2022,4,01709 - SEAT,TOLEDO,40 - TURISMO,1520,106,161
187,2022,4,01709 - SEAT,ALHAMBRA,40 - TURISMO,3585,150,538
188,2022,4,01709 - SEAT,LEON,40 - TURISMO,1249,96,120
192,2022,4,00388 - CITROEN,C2,03 - CAMION FURGON,1063,113,120
193,2022,4,01551 - RENAULT,KANGOO EXPRESS Z.E.,20 - FURGONETA,426,0,0
194,2022,4,00388 - CITROEN,C2,03 - CAMION FURGON,27,113,3
195,2022,4,01382 - NISSAN,NISSAN LEAF 40KWH,40 - TURISMO,452,0,0
200,2022,4,01709 - SEAT,TOLEDO,40 - TURISMO,1924,106,204
202,2022,4,01709 - SEAT,IBIZA,40 - TURISMO,778,109,85
206,2022,4,01885 - TOYOTA,AURIS HSD ACTIV,40 - TURISMO,284,89,25
210,2022,4,01291 - MITSUBISHI,L 200,02 - CAMION CAJA,902,173,156
218,2022,4,03670 - IVECO,CC80E18M P,00 - CAMION,1771,220,390
219,2022,4,01253 - MERCEDES-BENZ,VITO 108 D,0G - VEHICULO MIXTO ADAPTABLE,42,195,8
221,2022,5,01476 - PEUGEOT,BOXER,30 - AUTOBUS,335,235,79
222,2022,5,13461 - FORD-CNG-TECHNIK,MONDEO HÍBRIDO,40 - TURISMO,4272,101,431
225,2022,5,01382 - NISSAN,KUBISTAR,03 - CAMION FURGON,348,147,51
226,2022,5,05466 - UNVI,SPRINTER,30 - AUTOBUS,277,436,121
236,2022,5,01709 - SEAT,TOLEDO,40 - TURISMO,2174,106,230
240,2022,5,01709 - SEAT,LEON 1.9,40 - TURISMO,360,135,49
243,2022,5,01709 - SEAT,LEON,40 - TURISMO,1217,96,117
246,2022,5,00678 - FIAT,IDEA,40 - TURISMO,2564,130,333
248,2022,5,01551 - RENAULT,KANGOO EXPRESS Z.E.,20 - FURGONETA,764,0,0
253,2022,5,01709 - SEAT,IBIZA,40 - TURISMO,288,109,31
255,2022,5,01709 - SEAT,TOLEDO,40 - TURISMO,1750,106,186
259,2022,5,01885 - TOYOTA,AURIS HSD ACTIV,40 - TURISMO,1406,89,125
262,2022,5,01382 - NISSAN,NISSAN E-NV200,20 - FURGONETA,525,0,0
265,2022,5,01291 - MITSUBISHI,L 200,02 - CAMION CAJA,1114,173,193
268,2022,5,01709 - SEAT,LEON ECOMOTIVE,40 - TURISMO,165,99,16
270,2022,5,00678 - FIAT,SEICENTO,40 - TURISMO,360,143,51
274,2022,5,01253 - MERCEDES-BENZ,VITO 108 D,0G - VEHICULO MIXTO ADAPTABLE,25,195,5
276,2022,6,01476 - PEUGEOT,BOXER,30 - AUTOBUS,729,235,171
277,2022,6,13461 - FORD-CNG-TECHNIK,MONDEO HÍBRIDO,40 - TURISMO,2713,101,274
278,2022,6,13461 - FORD-CNG-TECHNIK,MONDEO HÍBRIDO,40 - TURISMO,5498,101,555
279,2022,6,01252 - MERCEDES,VIANO 2.0,40 - TURISMO,340,218,74
281,2022,6,05466 - UNVI,SPRINTER,30 - AUTOBUS,17,436,7
286,2022,6,02339 - JEEP,RENEGADE,40 - TURISMO,1629,134,218
291,2022,6,01709 - SEAT,TOLEDO,40 - TURISMO,2348,106,249
298,2022,6,01709 - SEAT,LEON,40 - TURISMO,1201,96,115
300,2022,6,01709 - SEAT,LEON,40 - TURISMO,1632,96,157
301,2022,6,00678 - FIAT,IDEA,40 - TURISMO,0,130,0
302,2022,6,00388 - CITROEN,C2,03 - CAMION FURGON,273,113,31
304,2022,6,00388 - CITROEN,C2,03 - CAMION FURGON,682,113,77
305,2022,6,01382 - NISSAN,NISSAN LEAF 40KWH,40 - TURISMO,259,0,0
311,2022,6,01885 - TOYOTA,TOYOTA YARIS HYBRID,40 - TURISMO,1084,84,91
312,2022,6,01709 - SEAT,IBIZA,40 - TURISMO,531,109,58
313,2022,6,05466 - UNVI,TGEVEGA,30 - AUTOBUS,2415,214,517
314,2022,6,01885 - TOYOTA,AURIS HSD ACTIV,40 - TURISMO,627,89,56
317,2022,6,01382 - NISSAN,NISSAN E-NV200,20 - FURGONETA,518,0,0
320,2022,6,01291 - MITSUBISHI,L 200,02 - CAMION CAJA,1255,173,217
324,2022,6,01382 - NISSAN,KUBISTAR,20 - FURGONETA,502,147,74
329,2022,6,01253 - MERCEDES-BENZ,VITO 108 D,0G - VEHICULO MIXTO ADAPTABLE,29,195,6
330,2022,7,01181 - MAN,TGL,03 - CAMION FURGON,0,354,0
331,2022,7,00678 - FIAT,IDEA,40 - TURISMO,146,124,18
334,2022,7,13461 - FORD-CNG-TECHNIK,MONDEO HÍBRIDO,40 - TURISMO,4373,101,442
335,2022,7,01252 - MERCEDES,VIANO 2.0,40 - TURISMO,25,218,5
340,2022,7,01709 - SEAT,IBIZA,40 - TURISMO,145,109,16
345,2022,7,01709 - SEAT,ALHAMBR.1.9TDI 6V,40 - TURISMO,685,170,116
347,2022,7,01709 - SEAT,TOLEDO,40 - TURISMO,1275,106,135
348,2022,7,01709 - SEAT,ALTEA,40 - TURISMO,107,119,13
349,2022,7,01709 - SEAT,LEON 1.9,40 - TURISMO,1842,135,249
350,2022,7,01476 - PEUGEOT,BOXER 2.0,20 - FURGONETA,2405,180,433
356,2022,7,02009 - VOLKSWAGEN,PASSAT CC,40 - TURISMO,4013,137,550
361,2022,7,00388 - CITROEN,C2,03 - CAMION FURGON,748,113,85
363,2022,7,01709 - SEAT,LEON,40 - TURISMO,1570,161,253
364,2022,7,00678 - FIAT,DOBLO,20 - FURGONETA,1598,133,213
365,2022,7,01709 - SEAT,IBIZA,40 - TURISMO,108,109,12
367,2022,7,01709 - SEAT,TOLEDO,40 - TURISMO,1272,106,135
369,2022,7,01709 - SEAT,IBIZA,40 - TURISMO,77,109,8
371,2022,7,01885 - TOYOTA,AURIS HSD ACTIV,40 - TURISMO,1193,89,106
374,2022,7,01382 - NISSAN,NISSAN E-NV200,20 - FURGONETA,404,0,0
377,2022,7,01291 - MITSUBISHI,L 200,02 - CAMION CAJA,798,173,138
379,2022,7,01382 - NISSAN,KUBISTAR,03 - CAMION FURGON,1079,147,159
382,2022,7,00678 - FIAT,SEICENTO,40 - TURISMO,104,143,15
385,2022,7,03670 - IVECO,CC80E18M P,00 - CAMION,29,220,6
386,2022,7,01253 - MERCEDES-BENZ,VITO 108 D,0G - VEHICULO MIXTO ADAPTABLE,94,195,18
387,2022,8,01181 - MAN,TGL,03 - CAMION FURGON,496,354,176
389,2022,8,01476 - PEUGEOT,BOXER,30 - AUTOBUS,0,235,0
390,2022,8,13461 - FORD-CNG-TECHNIK,MONDEO HÍBRIDO,40 - TURISMO,4517,101,456
392,2022,8,01252 - MERCEDES,VIANO 2.0,40 - TURISMO,0,218,0
393,2022,8,01382 - NISSAN,KUBISTAR,03 - CAMION FURGON,191,147,28
395,2022,8,01551 - RENAULT,KANGOO,0G - VEHICULO MIXTO ADAPTABLE,674,140,94
397,2022,8,01709 - SEAT,IBIZA,40 - TURISMO,57,109,6
400,2022,8,02339 - JEEP,RENEGADE,40 - TURISMO,43,134,6
407,2022,8,01476 - PEUGEOT,BOXER 2.0,20 - FURGONETA,2617,180,471
411,2022,8,01709 - SEAT,LEON,40 - TURISMO,329,96,32
413,2022,8,02009 - VOLKSWAGEN,PASSAT CC,40 - TURISMO,993,137,136
416,2022,8,00388 - CITROEN,C2,03 - CAMION FURGON,247,113,28
418,2022,8,00388 - CITROEN,C2,03 - CAMION FURGON,30,113,3
420,2022,8,01709 - SEAT,LEON,40 - TURISMO,1103,161,178
422,2022,8,01709 - SEAT,IBIZA,40 - TURISMO,44,109,5
423,2022,8,01885 - TOYOTA,TOYOTA YARIS HYBRID,40 - TURISMO,378,84,32
424,2022,8,01709 - SEAT,TOLEDO,40 - TURISMO,866,106,92
428,2022,8,01885 - TOYOTA,AURIS HSD ACTIV,40 - TURISMO,889,89,79
429,2022,8,01885 - TOYOTA,AURIS HSD ACTIV,40 - TURISMO,561,89,50
434,2022,8,01291 - MITSUBISHI,L 200,02 - CAMION CAJA,1960,173,339
435,2022,8,01291 - MITSUBISHI,GALLOPER SUPER EXCEED,0G - VEHICULO MIXTO ADAPTABLE,1431,173,248
436,2022,8,01382 - NISSAN,KUBISTAR,03 - CAMION FURGON,153,147,22
438,2022,8,01382 - NISSAN,KUBISTAR,20 - FURGONETA,257,147,38
448,2022,9,13461 - FORD-CNG-TECHNIK,MONDEO HÍBRIDO,40 - TURISMO,3464,101,350
451,2022,9,05466 - UNVI,SPRINTER,30 - AUTOBUS,2080,436,907
453,2022,9,01709 - SEAT,TOLEDO,40 - TURISMO,1923,114,219
454,2022,9,01709 - SEAT,IBIZA,40 - TURISMO,164,109,18
457,2022,9,02339 - JEEP,RENEGADE,40 - TURISMO,3280,134,440
461,2022,9,01709 - SEAT,TOLEDO,40 - TURISMO,1462,106,155
463,2022,9,01709 - SEAT,LEON 1.9,40 - TURISMO,1360,135,184
465,2022,9,01709 - SEAT,LEON 1.9,40 - TURISMO,6,135,1
466,2022,9,01291 - MITSUBISHI,L 200,02 - CAMION CAJA,230,173,40
467,2022,9,01709 - SEAT,ALHAMBRA,40 - TURISMO,3480,150,522
469,2022,9,01885 - TOYOTA,LAND CRUISER (150 SERIE),25 - TODO TERRENO,2428,246,597
472,2022,9,01709 - SEAT,LEON,40 - TURISMO,882,96,85
476,2022,9,01382 - NISSAN,NISSAN LEAF 40KWH,40 - TURISMO,401,0,0
477,2022,9,01709 - SEAT,LEON,40 - TURISMO,2480,161,399
478,2022,9,00678 - FIAT,DOBLO,20 - FURGONETA,2820,133,375
481,2022,9,01709 - SEAT,TOLEDO,40 - TURISMO,947,106,100
485,2022,9,01885 - TOYOTA,AURIS HSD ACTIV,40 - TURISMO,654,89,58
487,2022,9,01885 - TOYOTA,AURIS HSD ACTIV,40 - TURISMO,258,89,23
488,2022,9,01382 - NISSAN,NISSAN E-NV200,20 - FURGONETA,494,0,0
490,2022,9,00678 - FIAT,SEICENTO,21 - FURGONETA MIXTA,80,143,11
493,2022,9,01382 - NISSAN,KUBISTAR,03 - CAMION FURGON,1213,147,178
494,2022,9,01709 - SEAT,LEON ECOMOTIVE,40 - TURISMO,299,99,30
499,2022,9,03670 - IVECO,CC80E18M P,00 - CAMION,188,220,41
507,2022,10,01382 - NISSAN,KUBISTAR,03 - CAMION FURGON,484,147,71
510,2022,10,01709 - SEAT,TOLEDO,40 - TURISMO,1345,114,153
511,2022,10,01709 - SEAT,IBIZA,40 - TURISMO,148,109,16
513,2022,10,02339 - JEEP,RENEGADE,40 - TURISMO,1003,134,134
517,2022,10,01709 - SEAT,TOLEDO,40 - TURISMO,1052,106,112
518,2022,10,01709 - SEAT,TOLEDO,40 - TURISMO,526,106,56
521,2022,10,01476 - PEUGEOT,BOXER 2.0,20 - FURGONETA,775,180,140
525,2022,10,01709 - SEAT,LEON,40 - TURISMO,830,96,80
530,2022,10,00388 - CITROEN,C2,03 - CAMION FURGON,1571,113,178
537,2022,10,01885 - TOYOTA,TOYOTA YARIS HYBRID,40 - TURISMO,474,84,40
538,2022,10,01709 - SEAT,TOLEDO,40 - TURISMO,1955,106,207
539,2022,10,01885 - TOYOTA,TOYOTA YARIS HYBRID,40 - TURISMO,501,84,42
543,2022,10,01885 - TOYOTA,AURIS HSD ACTIV,40 - TURISMO,45,89,4
547,2022,10,00678 - FIAT,SEICENTO,21 - FURGONETA MIXTA,68,143,10
549,2022,10,01291 - MITSUBISHI,GALLOPER SUPER EXCEED,0G - VEHICULO MIXTO ADAPTABLE,1643,173,284
551,2022,10,01709 - SEAT,LEON ECOMOTIVE,40 - TURISMO,143,99,14
552,2022,10,01382 - NISSAN,KUBISTAR,20 - FURGONETA,531,147,78
555,2022,10,01551 - RENAULT,R. MASTER,20 - FURGONETA,0,230,0
559,2022,11,00678 - FIAT,IDEA,40 - TURISMO,98,124,12
572,2022,11,00678 - FIAT,FIAT DUCATO,20 - FURGONETA,650,166,108
576,2022,11,01709 - SEAT,ALTEA,40 - TURISMO,644,119,77
579,2022,11,01709 - SEAT,LEON 1.9,40 - TURISMO,0,135,0
588,2022,11,00388 - CITROEN,C2,03 - CAMION FURGON,668,113,75
590,2022,11,00388 - CITROEN,C2,03 - CAMION FURGON,143,113,16
591,2022,11,01382 - NISSAN,NISSAN LEAF 40KWH,40 - TURISMO,366,0,0
592,2022,11,01709 - SEAT,LEON,40 - TURISMO,1233,161,199
593,2022,11,00678 - FIAT,DOBLO,20 - FURGONETA,1515,133,201
596,2022,11,01709 - SEAT,TOLEDO,40 - TURISMO,420,106,45
602,2022,11,01885 - TOYOTA,AURIS HSD ACTIV,40 - TURISMO,217,89,19
603,2022,11,01382 - NISSAN,NISSAN E-NV200,20 - FURGONETA,488,0,0
604,2022,11,01382 - NISSAN,NISSAN E-NV200,20 - FURGONETA,521,0,0
610,2022,11,01382 - NISSAN,KUBISTAR,20 - FURGONETA,102,147,15
611,2022,11,00678 - FIAT,SEICENTO,40 - TURISMO,174,143,25
614,2022,11,01253 - MERCEDES-BENZ,VITO 108 D,0G - VEHICULO MIXTO ADAPTABLE,4,195,1
624,2022,12,01709 - SEAT,TOLEDO,40 - TURISMO,634,114,72
626,2022,12,02339 - JEEP,RENEGADE,40 - TURISMO,1404,134,188
627,2022,12,02339 - JEEP,RENEGADE,40 - TURISMO,1363,134,183
628,2022,12,02339 - JEEP,RENEGADE,40 - TURISMO,2085,134,279
630,2022,12,01709 - SEAT,ALHAMBR.1.9TDI 6V,40 - TURISMO,112,170,19
635,2022,12,01476 - PEUGEOT,BOXER 2.0,20 - FURGONETA,130,180,23
636,2022,12,01709 - SEAT,LEON 1.9,40 - TURISMO,73,135,10
637,2022,12,01291 - MITSUBISHI,L 200,02 - CAMION CAJA,233,173,40
641,2022,12,01885 - TOYOTA,LAND CRUISER (150 SERIE),25 - TODO TERRENO,695,246,171
643,2022,12,01885 - TOYOTA,LAND CRUISER (150 SERIE),25 - TODO TERRENO,751,246,185
645,2022,12,00388 - CITROEN,C2,03 - CAMION FURGON,5,113,1
651,2022,12,01709 - SEAT,IBIZA,40 - TURISMO,69,109,8
653,2022,12,01709 - SEAT,TOLEDO,40 - TURISMO,4011,106,425
656,2022,12,05466 - UNVI,TGEVEGA,30 - AUTOBUS,2618,214,560
658,2022,12,01885 - TOYOTA,AURIS HSD ACTIV,40 - TURISMO,102,89,9
660,2022,12,01382 - NISSAN,NISSAN E-NV200,20 - FURGONETA,514,0,0
664,2022,12,01291 - MITSUBISHI,GALLOPER SUPER EXCEED,0G - VEHICULO MIXTO ADAPTABLE,209,173,36
665,2022,12,01382 - NISSAN,KUBISTAR,03 - CAMION FURGON,526,147,77
667,2022,12,01382 - NISSAN,KUBISTAR,20 - FURGONETA,600,147,88
669,2022,12,01709 - SEAT,ALTEA,40 - TURISMO,543,142,77
672,2023,1,01181 - MAN,TGL,03 - CAMION FURGON,2216,354,784
674,2023,1,01476 - PEUGEOT,BOXER,30 - AUTOBUS,342,235,80
682,2023,1,01709 - SEAT,IBIZA,40 - TURISMO,218,109,24
685,2023,1,02339 - JEEP,RENEGADE,40 - TURISMO,3251,134,436
691,2023,1,01709 - SEAT,LEON 1.9,40 - TURISMO,1549,135,209
694,2023,1,01291 - MITSUBISHI,L 200,02 - CAMION CAJA,349,173,60
695,2023,1,01709 - SEAT,ALHAMBRA,40 - TURISMO,2266,150,340
696,2023,1,03670 - IVECO,70C18,03 - CAMION FURGON,41,214,9
709,2023,1,01885 - TOYOTA,TOYOTA YARIS HYBRID,40 - TURISMO,202,84,17
710,2023,1,01709 - SEAT,TOLEDO,40 - TURISMO,3372,106,357
712,2023,1,01709 - SEAT,IBIZA,40 - TURISMO,86,109,9
714,2023,1,01885 - TOYOTA,AURIS HSD ACTIV,40 - TURISMO,1470,89,131
715,2023,1,01885 - TOYOTA,AURIS HSD ACTIV,40 - TURISMO,145,89,13
717,2023,1,01382 - NISSAN,NISSAN E-NV200,20 - FURGONETA,246,0,0
718,2023,1,01382 - NISSAN,NISSAN E-NV200,20 - FURGONETA,420,0,0
719,2023,1,00678 - FIAT,SEICENTO,21 - FURGONETA MIXTA,42,143,6
722,2023,1,01382 - NISSAN,KUBISTAR,03 - CAMION FURGON,663,147,97
731,2023,2,13461 - FORD-CNG-TECHNIK,MONDEO HÍBRIDO,40 - TURISMO,5035,101,509
732,2023,2,13461 - FORD-CNG-TECHNIK,MONDEO HÍBRIDO,40 - TURISMO,5210,101,526
734,2023,2,05466 - UNVI,SPRINTER,30 - AUTOBUS,1012,436,441
743,2023,2,01709 - SEAT,TOLEDO,40 - TURISMO,131,106,14
746,2023,2,01709 - SEAT,LEON 1.9,40 - TURISMO,2270,135,306
752,2023,2,01709 - SEAT,LEON,40 - TURISMO,645,96,62
754,2023,2,02009 - VOLKSWAGEN,PASSAT CC,40 - TURISMO,3608,137,494
761,2023,2,01709 - SEAT,LEON,40 - TURISMO,1649,161,265
762,2023,2,00678 - FIAT,DOBLO,20 - FURGONETA,126,133,17
764,2023,2,01885 - TOYOTA,TOYOTA YARIS HYBRID,40 - TURISMO,299,84,25
765,2023,2,01709 - SEAT,TOLEDO,40 - TURISMO,8,106,1
767,2023,2,01709 - SEAT,IBIZA,40 - TURISMO,432,109,47
768,2023,2,05466 - UNVI,TGEVEGA,30 - AUTOBUS,3683,214,788
772,2023,2,01382 - NISSAN,NISSAN E-NV200,20 - FURGONETA,376,0,0
776,2023,2,01291 - MITSUBISHI,GALLOPER SUPER EXCEED,0G - VEHICULO MIXTO ADAPTABLE,1006,173,174
778,2023,2,01709 - SEAT,LEON ECOMOTIVE,40 - TURISMO,749,99,74
779,2023,2,01382 - NISSAN,KUBISTAR,20 - FURGONETA,412,147,61
780,2023,2,00678 - FIAT,SEICENTO,40 - TURISMO,193,143,28
781,2023,2,01709 - SEAT,ALTEA,40 - TURISMO,473,142,67
782,2023,2,03670 - IVECO,CC80E18M P,00 - CAMION,2113,220,465
783,2023,3,01181 - MAN,TGL,03 - CAMION FURGON,2337,354,827
784,2023,3,00678 - FIAT,IDEA,40 - TURISMO,79,124,10
785,2023,3,01476 - PEUGEOT,BOXER,30 - AUTOBUS,275,235,65
786,2023,3,13461 - FORD-CNG-TECHNIK,MONDEO HÍBRIDO,40 - TURISMO,4452,101,450
790,2023,3,01551 - RENAULT,KANGOO,0G - VEHICULO MIXTO ADAPTABLE,785,140,110
799,2023,3,01709 - SEAT,TOLEDO,40 - TURISMO,837,106,89
801,2023,3,01709 - SEAT,LEON 1.9,40 - TURISMO,2416,135,326
803,2023,3,01709 - SEAT,LEON 1.9,40 - TURISMO,870,135,117
806,2023,3,03670 - IVECO,70C18,03 - CAMION FURGON,46,214,10
809,2023,3,02009 - VOLKSWAGEN,PASSAT CC,40 - TURISMO,2710,137,371
810,2023,3,01885 - TOYOTA,LAND CRUISER (150 SERIE),25 - TODO TERRENO,4410,246,1085
814,2023,3,00388 - CITROEN,C2,03 - CAMION FURGON,71,113,8
820,2023,3,01709 - SEAT,TOLEDO,40 - TURISMO,1127,106,119
824,2023,3,01885 - TOYOTA,AURIS HSD ACTIV,40 - TURISMO,898,89,80
825,2023,3,01885 - TOYOTA,AURIS HSD ACTIV,40 - TURISMO,49,89,4
836,2023,3,01709 - SEAT,ALTEA,40 - TURISMO,853,142,121
840,2023,4,01476 - PEUGEOT,BOXER,30 - AUTOBUS,90,235,21
841,2023,4,13461 - FORD-CNG-TECHNIK,MONDEO HÍBRIDO,40 - TURISMO,3837,101,388
842,2023,4,13461 - FORD-CNG-TECHNIK,MONDEO HÍBRIDO,40 - TURISMO,3022,101,305
845,2023,4,01551 - RENAULT,KANGOO,0G - VEHICULO MIXTO ADAPTABLE,732,140,102
846,2023,4,01709 - SEAT,TOLEDO,40 - TURISMO,1184,114,135
848,2023,4,02339 - JEEP,RENEGADE,40 - TURISMO,517,134,69
849,2023,4,02339 - JEEP,RENEGADE,40 - TURISMO,992,134,133
853,2023,4,01709 - SEAT,TOLEDO,40 - TURISMO,337,106,36
856,2023,4,01709 - SEAT,LEON 1.9,40 - TURISMO,1675,135,226
857,2023,4,01476 - PEUGEOT,BOXER 2.0,20 - FURGONETA,507,180,91
858,2023,4,01709 - SEAT,LEON 1.9,40 - TURISMO,763,135,103
865,2023,4,01885 - TOYOTA,LAND CRUISER (150 SERIE),25 - TODO TERRENO,141,246,35
867,2023,4,00388 - CITROEN,C2,03 - CAMION FURGON,1701,113,192
869,2023,4,00388 - CITROEN,C2,03 - CAMION FURGON,88,113,10
870,2023,4,01382 - NISSAN,NISSAN LEAF 40KWH,40 - TURISMO,281,0,0
873,2023,4,01709 - SEAT,IBIZA,40 - TURISMO,47,109,5
875,2023,4,01709 - SEAT,TOLEDO,40 - TURISMO,1141,106,121
879,2023,4,01885 - TOYOTA,AURIS HSD ACTIV,40 - TURISMO,674,89,60
880,2023,4,01885 - TOYOTA,AURIS HSD ACTIV,40 - TURISMO,277,89,25
882,2023,4,01382 - NISSAN,NISSAN E-NV200,20 - FURGONETA,383,0,0
887,2023,4,01382 - NISSAN,KUBISTAR,03 - CAMION FURGON,1402,147,206
888,2023,4,01709 - SEAT,LEON ECOMOTIVE,40 - TURISMO,726,99,72
889,2023,4,01382 - NISSAN,KUBISTAR,20 - FURGONETA,253,147,37
890,2023,4,00678 - FIAT,SEICENTO,40 - TURISMO,227,143,32
892,2023,4,03670 - IVECO,CC80E18M P,00 - CAMION,1740,220,383
893,2023,5,01181 - MAN,TGL,03 - CAMION FURGON,3044,354,1078
895,2023,5,01476 - PEUGEOT,BOXER,30 - AUTOBUS,236,235,55
896,2023,5,13461 - FORD-CNG-TECHNIK,MONDEO HÍBRIDO,40 - TURISMO,3372,101,341
901,2023,5,01709 - SEAT,TOLEDO,40 - TURISMO,938,114,107
908,2023,5,01709 - SEAT,TOLEDO,40 - TURISMO,331,106,35
910,2023,5,01709 - SEAT,ALTEA,40 - TURISMO,620,119,74
912,2023,5,01476 - PEUGEOT,BOXER 2.0,20 - FURGONETA,169,180,30
914,2023,5,01291 - MITSUBISHI,L 200,02 - CAMION CAJA,839,173,145
915,2023,5,01709 - SEAT,ALHAMBRA,40 - TURISMO,911,150,137
916,2023,5,03670 - IVECO,70C18,03 - CAMION FURGON,186,214,40
919,2023,5,02009 - VOLKSWAGEN,PASSAT CC,40 - TURISMO,788,137,108
923,2023,5,01551 - RENAULT,KANGOO EXPRESS Z.E.,20 - FURGONETA,540,0,0
934,2023,5,01885 - TOYOTA,AURIS HSD ACTIV,40 - TURISMO,0,89,0
944,2023,5,01382 - NISSAN,KUBISTAR,20 - FURGONETA,318,147,47
946,2023,5,01709 - SEAT,ALTEA,40 - TURISMO,844,142,120
949,2023,6,00678 - FIAT,IDEA,40 - TURISMO,55,124,7
950,2023,6,01476 - PEUGEOT,BOXER,30 - AUTOBUS,131,235,31
951,2023,6,13461 - FORD-CNG-TECHNIK,MONDEO HÍBRIDO,40 - TURISMO,3029,101,306
968,2023,6,01709 - SEAT,LEON 1.9,40 - TURISMO,866,135,117
969,2023,6,01291 - MITSUBISHI,L 200,02 - CAMION CAJA,565,173,98
970,2023,6,01709 - SEAT,ALHAMBRA,40 - TURISMO,3108,150,466
977,2023,6,00388 - CITROEN,C2,03 - CAMION FURGON,447,113,51
982,2023,6,00678 - FIAT,DOBLO,20 - FURGONETA,2239,133,298
984,2023,6,01885 - TOYOTA,TOYOTA YARIS HYBRID,40 - TURISMO,781,84,66
985,2023,6,01709 - SEAT,TOLEDO,40 - TURISMO,1254,106,133
986,2023,6,01885 - TOYOTA,TOYOTA YARIS HYBRID,40 - TURISMO,110,84,9
989,2023,6,01885 - TOYOTA,AURIS HSD ACTIV,40 - TURISMO,0,89,0
990,2023,6,01885 - TOYOTA,AURIS HSD ACTIV,40 - TURISMO,255,89,23
992,2023,6,01382 - NISSAN,NISSAN E-NV200,20 - FURGONETA,388,0,0
1002,2023,6,03670 - IVECO,CC80E18M P,00 - CAMION,2099,220,462
